formula,id,band_gap,formation_energy,energy_above_hull
Cs3Nd(MoO4)3,mp-573369,3.7419,-2.4148180804718695,0.0
Ba(PdS2)2,mp-28967,0.7791999999999999,-1.1240792407142866,0.0
Na7Ta3Zn(SiO4)6,mp-2712904,2.5286,-2.9123542678452483,0.049678254959348855
TiZnBiO5,mp-1042447,0.0,-2.2363841610416673,0.07777690812499483
Na2YNb3Si4(SO12)2,mp-2715697,1.8105,-2.8370486812340348,0.07983157878637925
NbO2F,mp-766094,2.8979999999999997,-3.0991740012499998,0.06686796812500084
MgH12(BrO3)2,mp-1190888,4.3514,-1.3827955154761895,0.0016827636507894539
Y2MgSe4,mp-1232187,1.8931,-1.8680947084821429,0.09757424571428608
DyBi2IO4,mp-546266,1.3667999999999996,-2.3423211002083333,0.0
Cr5S8,mp-1181961,0.0,-0.978128128461538,0.0
Li4Co3NiO8,mp-1293179,0.0,-1.6248705773958338,0.06446223218749925
FePO4,mp-559295,2.6721000000000004,-2.3228269788988087,0.025890503124998965
Ba(AlSi)2,mp-12863,0.0,-0.26338734299999944,0.006000129000000243
NaBi5O8,mp-756721,2.2792,-1.6474014465270892,0.030629161785717507
LuH6(ClO5)3,mp-757220,5.3849,-1.0988220916666671,0.0
Nb2CuCS2,mp-1220693,0.0,-0.8439024887500004,0.04798092927083264
YHgB,mp-1100402,0.35630000000000006,-0.12020565395834144,0.4684993066666614
Mg2CdRh,mp-1097393,0.0,1.5426283625000008,1.8440065625000002
YZr5O11,mp-753842,0.2273000000000005,-3.676306111073534,0.08564731969116046
Li2Ti2VO6,mp-758843,0.2702,-2.924048298939393,0.07722378318182344
Sr(AsS2)2,mp-36577,1.7211999999999998,-0.7661003587499989,0.03799723535714428
Ce(IO3)3,mp-1193742,0.5691999999999999,-1.3264964167307696,0.17710911273076402
Al5CuW2,mp-1228126,0.0,-0.1690238519999987,0.005097319499999031
MgMn6O7F5,mp-2230315,0.40190000000000015,-2.3901293251361166,0.11820808951753925
KAgTeS3,mp-1211732,1.6838000000000002,-0.6376888234305541,0.04000195705092313
Ti8Cu3Ni,mp-1217065,0.0,-0.16076476138889007,0.0
Na8Ca2Sc2Si3(SO8)3,mp-2715035,2.3594000000000004,-2.6770695213936793,0.10701978360119124
Mn2VO4,mp-531351,0.0024999999999995026,-2.1968339035160107,0.04324379589284888
Zr4Pd2N,mp-1194130,0.0,-0.9769099839285705,0.0
ThIn,mp-1187887,0.0,-0.3858653650000008,0.014044311785710306
NaLaH2S2O9,mp-557508,4.6572000000000005,-2.2901077254252855,0.0
TmMn2,mp-30786,0.0,0.016959135545973208,0.033991375615940456
Na9Cu2O7,mp-777853,0.0,-1.2595003227777777,0.08259975069444447
KNdTiSnO6,mp-1522241,2.8321000000000005,-2.846539154808332,0.1629494587500009
LaZnFeMoO6,mp-1044082,1.7031999999999998,-2.3099378280000002,0.07858982250000679
BPb3O4F,mp-1201056,2.3654,-2.0816125185185177,0.007714744166664289
TbNiBC,mp-1079626,0.0,-0.5047774370833329,0.0
Li2FeF4,mp-849283,3.5932,-2.9007867591666665,0.019248846785713702
Ti2InNi2,mp-20339,0.0,-0.405546499666665,0.0
K2CdAu,mp-1096590,0.23849999999999993,0.3662420866731786,0.557117747317708
La2CdIr,mp-1095862,0.03489999999999993,1.5254241224999996,2.0830487899999985
Li4Cr2C4SO16,mp-1177627,0.8746999999999998,-2.0576174726234573,0.08985894212962897
LiP4(Br3O)4,mp-1235216,0.5519,-1.3219974000907033,0.07732823311507708
Zr3N,mp-1188048,0.0,0.4921990228125033,1.5502463675000016
IrN,mp-1009015,0.0,1.3465459575000054,1.3465459575000054
PrZnIn,mp-1018952,0.0,-0.4380891311111122,0.0
Na2MgMn4O8,mp-2226407,0.42879999999999985,-1.9732514052988506,0.19540169633333626
BaCu2(HgO2)2,mp-1147526,1.1949,-1.2337841027777787,0.05485181638888914
LiMn2F7,mp-763425,1.0465,-2.8518983156695406,0.01532275074999312
EuMn2O5,mp-542392,0.0,-2.3767465188577273,0.009978629388044169
Na9Mg2Ta10Si9(PO8)9,mp-2713101,3.0812000000000004,-3.0534657579057005,0.01722551640641079
Te2W2SeS,mp-1028771,0.0,-0.3555443582291626,0.07437094541666767
BaNdEuSbO6,mp-1518347,0.1501999999999999,-2.98049283825,0.10049190668750363
Mg30AlSnO32,mp-1038258,0.0,-2.911587551015624,0.09696340667968784
NaFe(SO4)2,mp-1102092,2.0944000000000003,-1.9482638519899413,0.0
Te3(Rh2N)2,mp-1246540,0.0,0.036632405972221074,0.2906674943055556
Tb3Ho,mp-1187285,0.0,0.0399473487499975,0.04589434500000067
SNO4,mp-1201009,0.0,-0.06279123041666661,1.1594802851388861
RbNaMg6O7,mp-1030980,0.0,-2.2497010740919534,0.435800654083331
LiNd(SO4)2,mp-1211135,5.3668,-2.396218520069443,0.13094275593749938
TiNiO3,mp-698587,1.7081999999999997,-2.5741232221666666,0.020012813999999324
Ca2Al4(Si2O7)3,mp-1194616,0.31529999999999997,-3.1719609750757574,0.13160458346418835
BH4NF4,mp-720391,7.481199999999999,-1.9707657491666672,0.0
MgSi,mp-1073777,0.0,0.040450323333333316,0.1218993958333332
La11(Ni2Ge3)2,mp-627405,0.0,-0.6815652526190485,0.0
FeB2C6(O3F4)2,mp-555698,4.623200000000001,-1.8002736299275368,0.31215618163043146
Sc7NCl12,mp-29579,0.0,-2.321311562500001,0.000513077535708284
LiEr(PO3)4,mp-555303,5.749499999999999,-2.852630637050264,0.0802601195370487
CeZr3O8,mp-1226490,2.1872000000000003,-3.7225281558333356,0.058063174583331545
HoFeCu,mp-1223889,0.0,-0.06681248166666502,0.11751062870370355
Nb2Zn2SiS5O24,mp-2713017,1.1399000000000001,-2.1444859147794118,0.03917069156862851
HoAl3(H3C)12,mp-1197331,4.0129,-0.17110168817307697,0.09437082438301214
LiVBO4,mp-768922,0.0,-2.550690163452381,0.10285438154760129
LiMn3(PO4)3,mp-768447,0.0,-2.4782224626871034,0.03160888513158966
SiNi3W2,mp-1219226,0.0,-0.2846306174999995,0.0045038366666609875
Nd4Sb3,mp-530,0.0,-1.2465876164285703,0.014205981785714528
BaMgHg2,mp-1096735,0.1452,0.7486805599999967,1.137084204749999
Sr5As3H,mp-24338,0.6763999999999997,-1.2367941373611113,0.0
HoBi2C,mp-1212744,0.0,0.7797331790625011,1.2018769428124987
Rb2DyAgCl6,mp-1111733,3.7248,-2.1778802948333325,0.0068934486499978576
ErB4Os,mp-1191929,0.0,-0.5943680531944509,0.0
Pu2W2C3,mp-1078325,0.0,0.14658057714286038,0.21995948160714462
Eu2B5BrO9,mp-558834,0.8801000000000005,-2.992989901078433,0.0
H3ClO5,mp-625148,5.0433,-0.7738179120833332,0.04409151472222117
Li3MnAsCO7,mp-771034,2.1045999999999996,-2.1082622659946955,0.06015227634615439
Ba10Pr5Nb2(SnO10)3,mp-1229129,0.0,-3.022769304566667,0.033753985990622404
Sr3LaTi2Mn2O12,mp-1570791,0.37620000000000076,-3.138220625876437,0.06436344258332127
CuC3N2O5,mp-1192074,0.0,-0.7043485918181809,0.5001699928409087
TlGaS2,mp-4016,1.7885,-0.884232564895834,0.0
Ga3Te9Pd32,mp-1225042,0.030899999999999928,-0.33183931946960726,0.022120230914772776
K3TaO2F7,mp-734845,0.0,-2.852747285698717,0.12703314352563577
Li6MnSb3(PO4)6,mp-1176991,0.2319,-2.448689766644704,0.08851965968748665
Sn2S3,mp-1509,0.7774000000000001,-0.47331488118749976,0.0
Sr4TiN4,mp-1029799,1.0132999999999996,-1.1431295579629648,0.0
ZrTiPd,mp-1215240,0.0,-0.4334475397222259,0.04480754249999919
K2Cu(IF)2,mp-1147659,0.0,-1.6792124027857138,0.13128655296703284
Ba5(In2Sb3)2,mp-1195424,0.4508000000000001,-0.8022635762777772,0.0
HoPH5CO7,mp-557828,3.7281999999999997,-2.009399890726189,0.11948248920833748
AgSbS2,mp-3922,1.3716000000000004,-0.24963047140624894,0.0
Mg14AlCu,mp-1028244,0.0,0.0449797418750002,0.0790135007291668
La6NbGa11O28,mp-1227778,2.7175999999999996,-2.8132313909239137,0.09528335454710213
Mg30NbZnO32,mp-1037466,0.27369999999999983,-2.9195297382812493,0.06679211427163612
H4BrNO4,mp-1200039,3.1119,-0.50139847525,0.47890243958333123
Zr2AlTc,mp-1096736,0.0,3.122756712687501,3.5627067650624973
La2InNi2,mp-1106017,0.0,-0.45141672533333405,0.0
LiFe2(BO3)2,mp-759397,1.5637,-2.265901708333333,0.06070978014204176
Si3Ru2,mp-22192,0.5510999999999999,-0.619356679500001,0.0
MgTe2Mo2W2(Se2S)2,mp-2219162,0.0,-0.7277078655929472,0.2773943201923066
ZnNi3C,mp-16290,0.0,-0.059459465499999455,0.04252874849999966
Rb3Al,mp-975052,0.0,0.3533911193749999,0.3533911193749999
Li5BiO5,mp-29365,1.3597000000000001,-1.9488605756060615,0.0
Sr(C4N3)2,mp-1246085,3.3602,-0.02598053000000012,0.2505281391666667
Ce4SiI5,mp-1206019,0.0,-1.341759239999999,0.0
Hg2CN3Cl5,mp-1212240,0.0,0.21803274068181625,0.8477652175757595
CsHSO4,mp-557752,5.564399999999999,-1.9496994369150242,0.008649523214286248
Co3P4PbO14,mp-562742,3.0652000000000004,-2.3019181087987017,0.0
Pr3S3N,mp-558940,1.1501000000000001,-2.190856987455354,0.0
CeAl2Ag3,mp-1226637,0.0,-0.2582395224999979,0.0
TbBr3,mp-863746,2.8564,-2.1631548625000008,0.0
ZrAlCu,mp-1215318,0.0,-0.40291339833333356,0.0
SrLa2(CoO3)3,mp-1301679,0.0,-2.3934801291666665,0.005335312833362416
Pr3SiAgSe7,mp-17389,1.4423000000000004,-1.6154575352560763,0.0
Sb4O5F2,mp-759602,2.8185,-1.951917826363636,0.04307619409091057
MgVCrP2(O4F)2,mp-2226708,2.2048,-2.830956579285713,0.049365516666652454
Nd4Ga17Ni2,mp-1220632,0.0,-0.400345375978261,0.09457655395652065
Sm5AgS8,mp-37923,1.6384999999999996,-2.113616748333333,0.02401717883928267
CeFeB4,mp-1213808,0.0,-0.5553620844444431,0.02113763833332971
SrFe12O19,mp-1218653,1.0309,-1.7192306022656236,0.08176724675781877
Rb11Al14Si10(AgO16)3,mp-1251571,0.006599999999999939,-2.842353464505814,0.20255310645348779
CeSi4Ni9,mp-31051,0.0,-0.5632730310714281,0.004779764866069236
U,mp-43,0.0,0.08967122466668419,0.08967122466667377
Sr7RhN6,mp-1247499,0.0,-0.5290275242857153,0.11562869053571667
Cu4Sn15S32,mp-685340,0.0,-0.39503621735293654,0.0633594616666695
Al(HO)3,mp-560572,4.9472000000000005,-2.0320293174999997,0.03059970482145591
ZrMo3,mp-30790,0.0,0.22782480374999992,0.33214436500000133
B3C10N3,mp-642462,0.17209999999999992,0.04021741171874815,0.5900396796874983
Na2B3HO6,mp-706631,4.6148,-2.5277093671048845,0.0
Te4W3Se2,mp-1026350,0.3434999999999997,-0.23467663145833562,0.044230849444442555
SrCr2O4,mp-540583,0.0,-2.6652827149999974,0.0
LiP4(Br3O)4,mp-1235127,0.44010000000000005,-1.2949663815192742,0.10435925168650595
Mg3Si4,mp-1074922,0.0,0.1631288514285712,0.24588089857142847
Ba5(GaS4)2,mp-28252,2.5327,-1.9313313248333326,0.0038241108333343377
TiBi(PO4)3,mp-1043764,0.22060000000000002,-2.5203374439565804,0.07373218000002346
Lu2Te3,mp-1189748,0.5877999999999997,-1.59413807166667,0.0
LiLaO2,mp-1020057,3.7336,-3.1703738514583337,0.023029582187499287
YMg14MnO16,mp-1036223,0.0,-2.898398593372844,0.1303851768096722
Ca5Ni17Ge8,mp-1193893,0.0,-0.4340192576666671,0.0
Li3CrSiBO7,mp-773206,0.6769000000000001,-2.5773364843589737,0.08612341074787189
BaEuNbSbO6,mp-1518037,0.12560000000000038,-2.7938476099999994,0.14631238037500616
BaNdCo2O5,mp-1182245,0.0,-2.2993111938888893,0.07838234777777142
H8Se(NO2)2,mp-23745,3.6272,-0.8724896908229169,0.15036531251041652
Li3Tm,mp-1185283,0.0,0.21345819958333223,0.21345819958333223
Sr19Li44,mp-1195042,0.02279999999999993,-0.002029232407407124,0.0
CrBiO3,mp-23456,1.2936999999999994,-1.9888021095,0.022682788000000897
Nd3Lu2(GaO4)3,mp-1210727,3.1478,-3.3755333734166664,0.0
Mg30AlCuO32,mp-1038310,1.1042000000000005,-2.9682031492187493,0.02998930464843763
Ho6Zn23,mp-1192847,0.0,-0.30902549551724223,0.02437781607531564
NdN2Cl5,mp-1210334,0.1397,-0.41552781781250125,0.8774249603124993
Nb4SiC3,mp-1188839,0.0,-0.4874747415625009,0.04457862487061348
CsTlI4,mp-28332,1.238,-1.026618771748086,0.0397479983333322
K4WS3O14,mp-559294,4.0388,-2.1687314017727264,0.007167021874994184
Hg2P2S7,mp-27171,1.8095,-0.4903178437987014,0.0
Li2WO12,mp-1202844,0.0041999999999999815,-0.7466867531111101,0.3499386480000002
U3Al19Ni5,mp-1196284,0.0,-0.35486071962962895,0.007149171882718797
LiSn(PO3)4,mp-757974,0.0,-2.4561084746891533,0.08496206196758571
Dy2NiAs2,mp-1078556,0.0,-1.232947691666665,0.0006279044999963901
K3Nb2AsSe11,mp-542545,1.1647999999999998,-1.0221616776488975,0.0
Fe3P2(HO5)2,mp-1199228,1.7308,-2.087841598634454,0.0
La4ZnCu(RhO6)2,mp-1223163,0.0,-2.5730316329999994,0.0077062389374953355
Zn(NCl2)2,mp-1179627,0.34330000000000016,0.34508428196428603,0.8983751076785698
Na4Zn2In2SiS5O24,mp-2713441,2.5250000000000004,-2.063833791088173,0.06768462059210556
K2Re,mp-1080778,0.0,1.9929151607777744,1.9929151607777769
Mg2Pb,mp-20724,0.0,-0.03637390333332983,0.0
RhI,mp-975142,0.0,0.1581075675000001,0.5612687958333336
Cr3In(CoS4)2,mp-1226318,0.0,-0.7661046604761899,0.11567648269344932
BaYV4O7,mp-1048392,0.0,-2.4709361655769224,0.2307771671185357
Sm23Mg4Ni7,mp-1209695,0.0,-0.18915477000000097,0.29288540926470485
Ni3Ge,mp-21008,0.0,-0.24728016250000096,0.0
Er5Ga2As,mp-1225757,0.0,-0.8358067057291692,0.010661353281250285
BaMgBi2O5,mp-2227887,0.0,-1.6449991436111115,0.6390484497222229
CoBP2HPbO9,mp-1193243,3.2483000000000004,-2.317299933813492,0.029445781211117072
Co2CuN2,mp-1246956,0.0,0.3044284540000007,0.30442845399999996
RbTiPS5,mp-758985,0.9165999999999999,-1.2501828325595223,0.0
Si(PbO2)2,mp-1197095,2.461,-2.061698002447916,0.007906005171182784
NaAlSi3O8,mp-1220859,5.0577,-3.203242804721486,0.006296814999998901
MgAg5,mp-1185839,0.0,-0.09011195555555318,0.007556401944446289
MgFe4(PO3)12,mp-2234300,0.8642999999999996,-2.5029633562398907,0.033848623286153234
Rb2P2Pd,mp-1205714,1.2652999999999999,-0.5051517568571426,0.0
BeAu3,mp-983539,0.0,0.08000512375000035,0.18183134000000178
LiCuO,mp-755646,0.6463999999999999,-1.336002465277777,0.09550988583333364
Mn12O5F19,mp-782818,0.0,-2.657131471393678,0.07189282098379923
ScBr3O7,mp-1179540,0.0,-0.4223591827272744,0.4555057701704559
V6CoNi,mp-1216439,0.0,-0.1725760274999999,0.0005113562500014268
Rb2NaMnF6,mp-1113676,0.0,-2.9432108399310346,0.043522676999999454
Ca2SiO4,mp-4481,4.199400000000001,-3.340156025357143,0.0
BiSe,mp-1182022,0.0,-0.45354081742187535,0.12655785833333244
W(BrO)2,mp-774146,0.8926999999999999,-1.5706550039999996,0.065755185166668
U3W2O17F2,mp-1195380,0.0,-2.423876441354165,0.2737814874999991
NaCaGaSi2O7,mp-1262161,2.8232999999999997,-2.3785539026149425,0.6367394371527704
XeF3,mp-561153,2.3756999999999997,-0.8369024512500003,0.0
Rb2SbCl3F2,mp-554605,3.0086000000000004,-2.2938417725,0.0
La2(TlPb)3,mp-1223251,0.0,-0.39908747375000075,0.0035900800000021604
LiFe2OF5,mp-776546,2.1765,-2.5237695466666654,0.0755654436419757
RbCo(BrO2)3,mp-1209697,0.19389999999999996,-0.4570978202272723,0.3616459625505044
NaPrTl2,mp-865112,0.0,-0.36514797541666866,0.0021092467708285767
CaMgAsO4F,mp-7035,3.9326000000000003,-2.883437011875,0.0
Ba2MgNbInO6,mp-2218010,1.1141,-2.4628303369696956,0.4556434941414187
CaPbI4,mp-755943,2.6263,-1.3512754362499992,0.09062763624999937
UGeRh,mp-20321,0.0,-0.7452198199999979,0.0
K2Mg(SbO3)2,mp-2217366,0.14550000000000018,-1.9336230094999989,0.23203732272726985
Rb2HgPdF6,mp-1113777,0.0,-2.1525567802500003,0.04723917042857906
TiN2F5,mp-1208194,0.0,-1.0260356794791674,1.2790171234374998
CrHgF6,mp-558864,0.0,-2.3101426984375015,0.0
Ag8Hg(AsO5)2,mp-1215006,0.0484,-0.7461365105158725,0.09447424869047527
Sr5(TiN3)2,mp-1247347,1.8023999999999996,-1.2668055442948707,0.019524331923090443
Pr2Sb3Pd,mp-1207360,0.014100000000000001,2.2773772411111124,3.331474374166666
Sr2PrBiO6,mp-1516990,1.7451000000000003,-2.769585722166666,0.0
CsCuCl3,mp-675287,0.0,-1.284851673166655,0.04922214233333477
Ho4Fe,mp-1213581,0.0,0.43749324300000436,0.4658740350000041
TmS2,mp-1071948,0.0,-1.8695613152083344,0.11417151932291958
CoWO4,mp-19092,0.0,-1.9154362058333316,0.0
MgTi(WO4)2,mp-2218111,1.6719,-2.523374789027777,0.14110288104166635
Ca12Mn8Si7(H5O16)3,mp-746884,1.0723,-2.335905169802204,0.20523580061727742
PbI2,mp-22893,2.3703,-0.9539875783333299,0.0016431300000006033
Fe3P4O15,mp-705395,0.0,-2.235963991980519,0.09694180780303885
CsC2N3,mp-1029718,4.0656,-0.2686612493869739,0.008643674722224048
FeCu(PO4)2,mp-768377,0.0,-2.0400705538293655,0.08287131983507301
Sr2MnMoO6,mp-705116,0.9344000000000001,-2.6398880252931027,0.006339866999999444
Si,mp-1202745,0.8932000000000002,0.14423974724137903,0.14423974724137878
Li2VPO5,mp-757041,1.5391999999999997,-2.6234031277843917,0.07744791870370804
Zn(CrS2)2,mp-1045448,0.0,-0.8877545685714269,0.15929455285713878
Na10Zn4Si5Ge4S7O48,mp-2715087,0.4565999999999999,-2.132792110230253,0.2019648369124072
Na4B3Cl,mp-1221191,0.0,1.0144549847866378,1.5671004781616382
Cu2HgGeS4,mp-557574,0.04560000000000031,-0.5292936065624998,0.0036740081250004053
Li2Mg,mp-977218,0.0,-0.016993802777777844,0.01781477944444454
LiFe2O2F3,mp-755438,1.1486,-2.3261603169791663,0.06968038229166584
Li9Mn2Co5O16,mp-1175481,1.1871,-1.8250166211206897,0.08141165062499756
Na5La2Nb2Si3(PO8)3,mp-2714066,1.8738,-2.9346901483972254,0.153115645662397
Ca2AsAu,mp-867113,0.19810000000000016,-1.0932396656249992,0.04025386218751592
Sr7Ge6,mp-1198122,0.0,-0.6698631478846179,0.014508441730768595
CoTe2,mp-9945,0.0,-0.18488016166666435,0.0
CsPr(SO6)2,mp-1202917,0.4344,-1.2912477318013647,0.6186799807812493
Ho5Bi2Pd,mp-1196727,0.0,-0.6832785912499961,0.0011414067187489607
KLaEuSbO6,mp-1520830,0.0,-2.345401076975,0.5120521243333354
Sr4MgV2Fe2(AsO3)2,mp-2229607,0.0,-1.8337620179411762,0.3227884728039241
KPuP2S7,mp-510007,0.036900000000000155,-1.0714006727532448,0.0
LiGaH4,mp-1192145,4.6818,-0.16771606203372968,0.00028410416666702076
Hf(CoSi)2,mp-571367,0.0,-0.7260558240000066,0.0
B8O,mp-1228652,2.3696,-0.5703278216666671,0.020614433888888506
ZnP4H16(NO8)2,mp-24267,4.9641,-1.6837585132967026,0.002128744038449426
FeHO2,mp-510670,1.8729,-1.496221712812499,0.050746436875000356
La4MnO8,mp-756496,1.3675999999999995,-3.3326973752254645,0.16585684347435858
YHSO5,mp-707095,5.2381,-2.5230852778125,0.002903540677078098
Mn3Co2Te3O16,mp-755884,0.0,-1.4799291101580454,0.1395396430902709
Li5Fe(SiO4)2,mp-753710,2.4664,-2.634153863541667,0.014251512968749935
La2MnRhO6,mp-1223338,0.3776999999999999,-2.7600611992931037,0.11387932261666656
LiMg14Cu,mp-1027832,0.0,0.030631446822916963,0.057487218802083184
Ba2Ga6O11,mp-778485,2.6626000000000003,-2.5261185917105267,0.004376943157882174
Na2MgNb2O6,mp-2217742,0.0,-2.507367296614419,0.2532565777272717
V3Sb2,mp-29617,0.0,-0.20126767000000143,0.00933339299999858
MgTi2O4,mp-1401213,0.0,-3.0825055909523806,0.14797796857143375
Eu2ZnBi2,mp-1225393,0.0,-0.5987332100000025,0.08999551263636363
Mn3N4,mp-1080197,0.0,-0.12126027236761315,0.15869337142857098
DyBO3,mp-10792,5.0107,-3.4930240533333308,0.028402722833334337
Li15H9N8,mp-1201065,2.6967000000000003,-0.5779020958203134,0.005666109609374637
CaCrF5,mp-1372734,3.1383,-3.5625816410714344,0.0010333650000067252
Mn3Co2As3Rh,mp-1221750,0.0,-0.27665307847701115,0.015601614814815257
Tb3Ni13B2,mp-541883,0.0,-0.4265730426851846,0.01036382722221596
MgVF4,mp-1443628,2.3651999999999997,-3.3129084750000004,0.09674305749999856
ThRe2,mp-1659,0.0,-0.10572018583333904,0.0
Sr4SnPbO8,mp-1208734,1.8592999999999997,-2.39804262178572,0.06656931749999728
SbAsRh,mp-1219478,0.5387000000000004,-0.5664825225000006,0.0
Ba4Mg(GeO3)4,mp-1233553,2.3638000000000003,-2.5804481364285707,0.1297184238492033
AlP2I9,mp-28046,1.6553,-0.615785900357143,0.0
MgCrO3,mp-1346485,0.22929999999999984,-2.3830556395,0.12049696800000032
AgSbSe2,mp-1229008,0.0,-0.353487729088541,0.06483097187499975
LaMnCuGe2,mp-1222995,0.0,-0.4950443485862074,0.015283530000001377
Rb6V6P6O31,mp-1210240,0.9866999999999997,-2.615702718272595,0.0
Dy6Ti4Al43,mp-567159,0.0,-0.33904082855345935,0.0
Sr2UCu2S5,mp-1078269,0.0,-1.595453296249999,0.0
AlBi3,mp-1183170,0.0,0.19477012250000003,0.19477012250000003
BaVZnF7,mp-1047908,2.3922,-3.33880164925,0.0
NbWO7,mp-1220547,0.0,-1.7828861302777779,0.36816897432539797
Ca5Gd3Ti5Mn3O24,mp-744410,0.0019000000000000128,-3.3292447142614945,0.01504882256248763
BaCa2Cu3O5,mp-1214453,0.0,-1.9173978756818189,0.19563922378788057
Li2TiCuO4,mp-757583,0.0,-2.3730504224999995,0.09696275687500044
Ca2WO5,mp-1393431,0.0,-2.683327394687499,0.26192616687499903
K2LiSbF6,mp-1110835,4.1086,-2.896441173283333,0.07328382549999901
Na7NbO6,mp-777584,2.8834000000000004,-1.961900512475369,0.09310032535714363
Lu6Sb2Mo,mp-11755,0.0,-0.6253708799999976,0.0
Tm2Ni2Sn,mp-1095204,0.0,-0.6133595360000029,0.0
Na5Mg2Zr2P5SO24,mp-2715029,3.5050999999999997,-2.8535296429729278,0.03077516833333238
Li9Mn2Co5O16,mp-1175859,0.3529,-1.8284954145581898,0.07793285718749754
SbO3,mp-726085,0.0,-1.0457027592187487,0.1650338801562512
PrAl7Au3,mp-11034,0.0,-0.5157760574242416,0.0
DyInIr,mp-22723,0.0,-0.7000996938888827,0.0
KCaAsO12,mp-1104700,0.0,-0.5366437969833328,0.6024085961746
MgMn6(O5F)2,mp-2228845,0.0,-2.0376350206624307,0.1986486448464877
NaCu2H3O10,mp-1211371,0.0,-0.8021392793830815,0.03025174839843725
BaInCuF7,mp-1228148,1.3409,-2.9506763009166663,0.0
TlHg3Sb2Br3,mp-571582,0.6482000000000001,-0.6478230714814843,0.0
Li(WO2)2,mp-504103,0.0,-1.8047266533333328,0.2418568678571411
Rb3Bi2,mp-1207251,0.0,-0.32448556050000155,0.027854970687497094
AgSnN,mp-1245446,0.0,0.3216119733333353,0.3216119733333329
YSO4F,mp-17769,5.851699999999999,-2.7535629121874967,0.006939663571429833
Bi8SbAuBr9,mp-573727,1.1643000000000003,-0.7813868898684216,0.031619301315789716
KCd(BO2)3,mp-1196758,3.7622,-2.5510637388409068,0.0009309770622820679
K2Mo2P2O11,mp-561239,0.7654999999999998,-2.373417359340336,0.06244371058823628
ZrTiSe4,mp-570062,0.0,-1.5133436854513889,0.02160941333333355
Pr2(CuSn2)3,mp-1205484,0.0,-0.3747112593939393,0.005220175681818873
CsXe3O3F13,mp-651768,2.8118999999999996,-0.7848170956077588,0.18042435750000196
Li5V3P8O29,mp-765148,1.1982,-2.6150302814735458,0.03456857781479883
Li5Ti2Mn3O10,mp-1311067,1.2347000000000006,-2.595848666856321,0.02966412099999527
Ca3Y9Al18CrSiO48,mp-720216,0.5981999999999998,-3.5362962510000004,0.02311229672355708
Ca3HfSi2O9,mp-15003,4.678,-3.4518203764999993,0.0
SbPd3,mp-973402,0.0,-0.3699980975000017,0.04927606535714446
KMgIn(MoO4)3,mp-698655,3.487,-2.1966025604953705,0.0
NaIn3S5,mp-1195769,1.2428,-0.8941908153125048,0.0029749651388844
LaBPt4,mp-1211262,0.0,-0.9049511604166677,0.0
Ca2CdAs2,mp-1191256,0.6609000000000003,-0.8985661109999995,0.02148095499999947
Na12B26O45,mp-1180710,4.581300000000001,-2.741211394305843,0.009038583674699119
CaZn,mp-1039147,0.0,-0.22133472749999994,0.026159390000000116
CdGa(AgS2)2,mp-1213860,0.0,-0.6035809763541651,0.04779994968749923
BaBr2O,mp-1188828,2.0687,-1.7461041349999995,0.34566480145833633
SrEuYSbO6,mp-1520937,0.3461999999999996,-3.006049461000001,0.1267977901875028
Na7Ca3Nb(PO4)6,mp-2714076,2.0915999999999997,-2.8485526440856668,0.03112273415506106
LiCaFeF6,mp-1211093,4.1719,-3.3176890831481476,0.0
VCo3(PO4)4,mp-757057,0.0,-2.1139013386904764,0.16709143677087646
Si2O3,mp-1179195,0.9888999999999999,-1.9661212485000021,0.7751149699999988
Nd3Ni3Bi4,mp-1210154,0.0,-0.6016936732500028,0.008602082249994147
Ce2Cu(NO)2,mp-1022723,0.0,-1.9282782149999989,0.28138025232803976
SrInCu3Se4,mp-1179119,1.2809999999999997,-0.6165403140046296,0.2796365986111118
RbTeOF4,mp-1193891,0.0,-2.276140673452381,0.17767194367063155
V2NiO6,mp-756345,1.7571,-2.008950567777777,0.10340374888889059
Ca2Co2O5,mp-1195056,0.0,-2.0003967776388887,0.1930055895833256
YAl,mp-11229,0.0,-0.43783409500000126,0.030594507500000034
UH12N5F4,mp-1200586,0.0,-1.0263717305681828,0.2334111185985117
FeOF,mp-759164,0.0,-2.0189391522222224,0.10603383629629715
Mn2FeWO6,mp-1078277,0.0,-1.999865575086207,0.030315867499998816
MgOs,mp-1185911,0.0,0.2942672625000009,0.2942672625000009
LiCe3,mp-1185343,0.0,0.2648316679166669,0.2648316679166669
Sr2InBiO6,mp-1518215,0.0,-2.2364126861666653,0.07091486775000266
Cs2MnCl4,mp-1025252,1.2688000000000001,-1.9901184234975386,0.0
FeO2,mp-1097003,0.0,-1.1441381899999996,0.27628657874999973
InAgPd2,mp-1096056,0.34419999999999984,1.7479823337500022,2.1619007150000016
Ce4GaSbS9,mp-1195104,0.0,-1.7609816433541634,0.025533059416670056
Bi,mp-23152,0.0,0.0,0.0
BaGa2,mp-1227946,0.0,-0.46222284833333366,0.0010873233333321686
NdGaNi,mp-1103550,0.0,-0.5561840666666645,0.0
Ba7Fe6(OF16)2,mp-821363,0.8217000000000001,-3.1455323977659577,0.11018407659574336
Fe2BiSbO7,mp-1224738,0.0,-1.469070147045455,0.31307321681818845
Si4MoH36C12(NO)2,mp-1195132,3.6819,-0.3306976930701762,0.14348889500208983
NdZn(BO2)5,mp-15519,4.9183,-2.9181074666666653,0.006188874448522341
La2SnS5,mp-12170,0.0,-1.8388573678124995,0.0
Li3MnCoO5,mp-1174413,0.0,-1.7438962700431033,0.2602839174999989
Ba3Ho2Cu2PtO10,mp-558231,0.0,-2.512123869722222,0.025942222152788297
MgMnGaS4,mp-1247224,0.0,-1.04449652434729,0.09561019571428364
Cr3O4,mp-1310867,1.4759999999999995,-2.152280957857143,0.09915345976190437
Dy2CuTe5Br2O13,mp-559681,0.0,-1.9913757225724629,0.010463379347828372
Ba2GdMoO6,mp-1079839,0.9083000000000001,-3.0379993914999988,0.0
Li7Mn4CoO12,mp-1640232,0.0,-2.0377075141690604,0.06118993072915835
CuGe2N3,mp-1246877,0.6942999999999993,-0.05419945000000107,0.0955946588888903
Sr7PrFe4(MoO6)4,mp-821906,0.0,-1.150069095041666,1.4167846555937533
HfCrSi2,mp-1204660,0.0,-0.5670518572916651,0.0
Rb2MnF6,mp-558133,3.2312999999999996,-2.9037224331034475,0.0
SrTaNO2,mp-755441,0.9817999999999998,-2.7425755574666666,0.006096150000001188
DyCuS2,mp-554120,1.6324,-1.59252975578125,0.0005574999999993224
CsHfMg14,mp-1026586,0.0,0.25907468252155197,0.25907468252155197
ErSiPd,mp-1225473,0.0,-0.9478900766666657,0.06368595791666554
ZrZn16,mp-1016109,0.0,-0.0863209914705896,0.01426924735294044
LiVP2O7,mp-26727,2.0882,-2.6874158391017304,0.02819977795454154
Eu3InO,mp-1069296,0.0,-1.4521859038333331,0.0
Ag(NO2)3,mp-732005,0.1241000000000001,-0.09298951441666645,0.5533192849999953
Li3Co2O5,mp-1173982,0.30580000000000007,-1.6666148702499997,0.0957274719999992
ErMn3(FeSn2)3,mp-1225598,0.0,-0.11741230259946943,0.022597956634617056
Mg3H43C12O12F,mp-1202086,4.467,-0.7630435250880285,0.15549646732394962
Ti7(Fe3O8)3,mp-757103,1.1070000000000002,-2.228078603833333,0.3712248783749974
K2ScInI6,mp-1112016,1.9864,-1.3714899576166666,0.046755988999999776
ErSnRh2,mp-862931,0.0,-0.8253240662500003,0.0
MgCr3(SO4)6,mp-2216844,0.09489999999999998,-1.9610549082352933,0.0739306585661712
Tm4MgTi2O10,mp-2229013,0.0,-3.5196921950980413,0.2224695550000071
LiNiAsO4,mp-22243,0.0,-1.811565513690476,0.003198959523806444
LiCuBO3,mp-776378,0.0,-2.023502790277777,0.12604719097221828
Co17Se20,mp-685129,0.0,-0.2745662925112596,0.056337090090091024
Na4Eu(SiTe3)2,mp-1221196,0.5257999999999998,-0.9646496454244032,0.0
Dy3Mg,mp-1225309,0.0,-0.0033040574999976258,0.026134236666667476
Ba10LiW7O30,mp-772977,1.4584000000000006,-2.70790949142361,0.06193243757811295
ZnFe2(AsO7)2,mp-1196363,0.0,-0.8384883039473683,0.4290593053069722
Ce3PI3,mp-1213898,0.0,-1.450048806377546,0.0
NiF3,mp-1180654,1.7607000000000002,-1.844640146875001,0.07580200124999958
LiSi3,mp-975321,0.0,0.22342531541666677,0.31058448273809525
K2ZnF4,mp-9583,4.3016000000000005,-2.8560153146428573,0.0
LaMgTl,mp-11985,0.0,-0.361751663333337,0.0
Lu4(B2O5)3,mp-771772,5.5478000000000005,-3.3796528725666666,0.0392940713500014
La2Mn3ZnO9,mp-1223644,0.0,-2.5648770290862064,0.21203545042223126
MgTi2Mn2O6,mp-2217582,0.0,-2.6365333202298857,0.23272915291536123
Hf2N2O,mp-754837,2.436,-2.4597149159999985,0.07296593925000039
Li3(CoS2)4,mp-767412,0.0,-0.7511704468333297,0.05325609099999973
SmB7H7O17,mp-1219420,0.12170000000000003,-2.1941935201692706,0.11450989538410106
CrPO4F,mp-770697,0.0,-2.4615925979846938,0.039145594404762285
Zr6FeSe2,mp-1207433,0.0,-0.7842527649652785,0.0
NbOF3,mp-1094112,4.2198,-3.0861826379999995,0.20720326999999994
Tb2Co3Ni,mp-1217693,0.0,-0.2341364138888918,0.004905761944442588
LaY(SO4)3,mp-2713819,4.6639,-2.6446148919117647,0.0035155192401958857
Mn6O5F7,mp-775188,0.0,-2.413909624588123,0.07580812918980406
KO2,mp-1180742,0.0,-0.9504475374166663,0.026877493333333113
LiV2(PO4)3,mp-776244,0.002000000000000224,-2.633339140820106,0.018778697916652654
Mg2ZnAg,mp-1095790,0.005600000000000049,1.014629419583334,1.1829657736500003
LaDyTl2,mp-1184989,0.0,-0.37559363583333916,0.0
FeOF,mp-755772,0.1733,-1.4930013670833329,0.6319716214351869
LiMnPO4,mp-25971,3.2613000000000003,-2.5809037887010313,0.050066248928565926
Ta2Zn4O9,mp-780506,3.1432,-2.2838165444777814,0.05630789483333132
Mo(HO2)2,mp-626555,2.5418,-1.5665089296428576,0.07940044160714432
Hg3Sb,mp-1184651,0.0,0.11722751375000229,0.11722751375000229
LiSn4Rh,mp-16648,0.0,-0.3563116297222197,0.0
Li3V3P8O29,mp-759003,1.1878,-2.5158235508056483,0.05323091965116866
MgFe2O5,mp-1043236,0.0,-1.6199162059374999,0.27232238093750016
KCN,mp-1180837,0.05549999999999988,0.4627106300833326,0.9691488054166664
ErBiRh,mp-1205914,0.0,-0.7493651744444476,0.0
KErP4(H2O9)2,mp-1049199,0.1007,-1.9753990552079077,0.19716110760713157
BeCrO4,mp-770887,2.1140999999999996,-2.057546305416666,0.01255179683333374
NaTi(SiO3)2,mp-6465,0.0,-3.0990933489712646,0.013446209238095364
Rb3Cr,mp-1186842,0.0,0.708880636875,0.708880636875
RbLiMg14O15,mp-1035479,1.2721,-2.7010951588172043,0.19615773616935162
K3Co(CN)6,mp-6219,4.1716,-0.29067635729687513,0.06699869308593787
SrLaI5,mp-755705,2.0815,-1.8952696571428578,0.027695112499997787
Hf6PbO18,mp-675600,0.0,-2.523284737399999,0.41295342099999743
U2Co3CuGe4,mp-1216993,0.0,-0.26512412799999796,0.04169335171428745
NaCaAlH2OF6,mp-722997,6.6350999999999996,-3.17149340928161,0.022064897013887474
Li2VF6,mp-861590,1.9566,-3.062877860185185,0.08822215333333361
ScMnCr,mp-1219323,0.0,-0.03642218482758608,0.04793286750000014
ZnOF,mp-1215626,0.0,-1.5216793864583333,0.309017370208335
KMn2P2HO9,mp-1193430,0.7007000000000001,-2.3774305297431853,0.0
Ta2Be2O5,mp-979416,0.0,-1.97009539912963,0.9619414859037025
Li2FeCl4,mp-1222745,0.26670000000000016,-1.6824701009523808,0.032550740000000467
K4CO4,mp-545387,2.3359,-1.532246906277777,0.28385881027777504
SrBiBrO2,mp-552234,3.1643,-2.362064575,0.0
Er5Si4,mp-568446,0.0,-0.8151093176851892,0.023615374444446502
PrP2H2CO6,mp-1190971,0.020199999999999996,-2.141813255496031,0.23483338136011156
Ce(Mo3Se4)2,mp-675769,0.2967000000000004,-0.970558108583333,0.02415857087499962
Ce4YO9,mp-773102,0.0,-3.7757616859821246,0.031004013169621203
Lu5Ni19B6,mp-8531,0.0,-0.504891716277777,0.01670645267328652
Rb2Ca2(SO4)3,mp-558752,5.3971,-2.5309564984210517,0.0
MgV8Zn4O16,mp-1233918,0.2871000000000006,-2.146606855689656,0.19837947747126528
Eu,mp-1077457,0.0,0.08845976166666485,0.08845976166666247
Ca3SiO,mp-1183521,0.0699999999999994,-1.6357092769999995,0.00025532200000100147
Ti(AlBr4)2,mp-541826,0.0,-1.3507548753030287,0.0234076193371191
BaNdMgMn2O6,mp-2217652,0.0,-2.6855635966692786,0.12017813818177547
O2,mp-723285,1.4592,0.005575011250000372,0.005575011250000372
HRu6C16NO16,mp-707833,2.0175,-0.8375812411562507,0.24884432513541377
AlFe3F15,mp-1262698,0.0,-2.3015511846052625,0.21842139517544812
HfSiGe(SO6)2,mp-2713402,2.0599999999999996,-2.4236791934313726,0.044795714852949864
AlSb,mp-1018100,0.9179000000000004,-0.24409026249999854,0.008885222500001788
ZrScMnNi3,mp-1215226,0.0,-0.389696530488506,0.03200524562500373
Mn3(O2F)2,mp-1301507,0.0,-2.097431921532566,0.10511798592591326
Li4Cr3Ni(PO4)4,mp-757193,1.1917,-2.5098973243537404,0.04156365366071402
LiBi2As2(PbO5)2,mp-1236484,0.0,-1.656599310784313,0.13148467563970545
Rb5Re3S7,mp-676329,1.6469999999999998,-1.1013578578333323,0.0
MnAlPH4O7,mp-1211169,3.6275,-2.051198981433849,0.14540887692460647
Na4AlInSi(PO6)2,mp-2714470,3.4644999999999997,-2.6879226412604575,0.056795971964286984
KLiCO3,mp-562137,4.5495,-2.187607085930555,0.0
MgTa,mp-978258,0.0,0.3488492813333339,0.3488492813333339
Cs2MgFe(CN)6,mp-7331,4.1775,-0.4591070318318975,0.0
Tm4MgTi2O10,mp-2229217,0.0,-3.5589666321568645,0.18319511794118526
Li34Sb8S7,mp-767765,0.0,-0.9452750734863936,0.0795727227891172
Li5B4,mp-27658,0.0,0.4534165099999999,0.6531392318518519
K4CO4,mp-545630,1.9637000000000002,-1.5314061284999991,0.2846995880555525
MgMn2Al2O6,mp-2217896,2.5865,-2.7083393296238243,0.17298281318182074
Mo2P2O11,mp-1221593,0.0,-1.9959858334523801,0.2653791596666677
Al2Zn2S5,mp-1096794,0.041699999999999626,-1.0263895816418638,0.11295616285714338
YInCu,mp-1080624,0.0,-0.501881034444447,0.0
FeSbO4,mp-1225088,1.2168999999999999,-1.8152875544444431,0.0162454405555561
Ba3NaGd3(Si3O10)2,mp-1194728,3.3773,-3.4767405247387657,0.0
Sn4SF6,mp-1021490,2.6861,-1.9872163885511354,0.04378825500000083
LiFeF3,mp-754581,3.3554,-2.7397112226666662,0.08196078649999716
Mg(MoO2)4,mp-2242266,1.0657999999999999,-1.8474199026923077,0.2501590263461555
SrMn2BiO6,mp-1272521,0.0,-2.1201257960862057,0.04895378180000076
Ce2Ge6Pd,mp-1207253,0.0,-0.5051303955555547,0.019362147083334058
AgTe3,mp-28246,0.0,-0.017118973749997934,0.01857722812500029
SiC,mp-11714,2.2226000000000017,-0.20358119549999998,0.0003009711184223107
Tm3P,mp-971958,0.0,-0.43301885032738596,0.48908141416666595
MgFe3(PO4)3,mp-2231540,1.8437000000000001,-2.3787963694172927,0.10582736337719734
Sn3Te,mp-1187067,0.0,0.10276827500000252,0.23529321500000222
Sm2CuAs3O,mp-1005792,0.0,-1.5512626525000002,0.0
MgPd2Pb,mp-1097494,0.5089999999999999,1.3183203762500013,1.81231556390625
Li10Si(PO6)2,mp-696125,5.2544,-2.614835156304762,0.10812218059999879
ZrSn,mp-1094289,0.0,-0.3399672837499992,0.2621762704166706
Li2V3TeO8,mp-1290526,0.0,-2.2616782188095246,0.0598140982142894
Mg3Pd,mp-1079229,0.0,-0.37571260083333424,0.02301892583333176
CdC12(S2N3)2,mp-731997,0.0,1.0699119126086958,1.2016562390450307
Zr2CuTc,mp-1232423,0.0,-0.26982600874999996,0.0
Li3Fe2Co3O10,mp-759196,0.0,-1.5914281933333332,0.058576043541664014
Li3V3(BO5)2,mp-770170,0.0,-2.5581980826851853,0.06654233138888443
AgH8C2S2BrN4,mp-1202066,2.9647,-0.4338682953703699,0.02368611408220378
CaCuP2O7,mp-1348355,0.0,-2.583257882889609,0.04596426204545523
KH18RuN6(ClO2)4,mp-24132,0.0,-0.6988170134144733,0.3797228550493452
MgV6(HO3)6,mp-1234793,1.6166,-2.0404123112096775,0.06735748459676749
Fe2P2H6C2O13,mp-1229091,1.0491,-1.4953076007714299,0.32925655384999786
LiMnBO4,mp-754048,0.0,-2.2948525982758627,0.07093529828231482
LiAs2H3O7,mp-1192746,3.301,-1.6394201649679467,0.0
LiV4(NiO6)2,mp-1235087,0.16110000000000024,-2.0018189291228063,0.17401032671052974
GdHO2,mp-625147,3.0714000000000006,-2.8017027134375034,0.0
La2Te3,mp-32755,0.9992000000000001,-1.8574149437499998,0.0
Li4Ni3(OF3)2,mp-758172,3.1996999999999995,-2.398594396222222,0.0816382823333246
Al2O3,mp-985587,4.8041,-3.213911145166667,0.2100582323333331
Ti3CrFe2(PO4)6,mp-774450,0.10719999999999974,-2.782928289107143,0.011974770954859437
Sm3B5O12,mp-780265,3.7350999999999996,-3.252012154916666,0.08139507949999825
Dy3Pt,mp-1105479,0.0,-0.7920070031249935,0.0
Mg14MnCr,mp-1028055,0.0,0.14814556700431014,0.14814556700431014
TbSi3Rh5,mp-21748,0.0,-0.9616291461111106,0.0
MgNb2(RhO4)2,mp-2219702,0.10879999999999956,-2.173993515769231,0.24953648846153875
CsGeCl3,mp-22988,2.1534999999999997,-1.7120592189310344,0.0
SrNd5S8,mp-34680,0.0,-2.3502094689285746,0.021379400357147915
Nb2Tl3CuSe12,mp-570757,0.5732000000000004,-0.7691176960069457,0.0
Nb2FeO6,mp-645545,2.2534,-2.638473364166666,0.09950524250000115
MgSi2,mp-1073570,0.0,0.18554256999999966,0.239841951666667
CdSO3,mp-18634,3.0449,-1.3739790192291688,0.09906163908333099
Li3Mn4(BO3)4,mp-780850,0.0,-2.464235645364817,0.042934226847833656
La4MgFeO8,mp-2228454,1.0145,-3.307110995357143,0.11084307196429144
MoPRu,mp-1180385,0.0,1.028769059841269,1.5698072716666651
K6Nb11O30,mp-863370,0.0,-2.9108784107127668,0.019574170695587867
MgTi8(NiO3)8,mp-2220239,0.13039999999999985,-2.43811689199187,0.1868387149390216
Cu2Se,mp-22297,0.0,-0.008857885520832554,0.14938346083333265
As4S11(N6Cl7)2,mp-706455,1.6463999999999999,-0.24902710103658565,0.25557996298780505
TmGaPt,mp-1103049,0.0,-1.1119871158333385,0.0
Na3NiF6,mp-554649,2.4132,-2.6226755875000003,0.0
LiTi(PO3)4,mp-758496,0.0,-2.6771467261243376,0.09677805620767277
Li6Bi2B4SO16,mp-779482,0.13070000000000004,-2.288978848247125,0.092580695948282
MgBiPO6,mp-1376673,0.0,-2.103905894404761,0.23354116722221452
Li6V3P8O29,mp-759755,1.2262,-2.651222352927019,0.026535034954696002
Al4(FeO4)3,mp-1360164,0.0,-2.28809233868421,0.2438690360825353
NiH5CN(ClO)2,mp-1190493,0.0,-1.0007281686458338,0.01378812447916733
Pr2S3O20,mp-1196468,0.6223,-1.060139627233333,0.7170393983999999
Li2TiNi3O8,mp-775328,0.6650999999999998,-1.763398671607142,0.040506672401863675
KSrNdFeO6,mp-1516478,0.0,-2.1914672919749996,0.1440920880000025
Y(CrGe)6,mp-1104027,0.0,-0.1349600847435878,0.024079716153845965
VRe,mp-1216229,0.0,-0.33902437124999807,0.0
H16AuC12S2N3O4,mp-1199405,2.4703999999999997,-0.34466777368420987,0.21715278086842282
Na2MgNb2O6,mp-2217377,0.0,-2.589712953887147,0.1709109204545438
U(Fe5Mo)2,mp-1216951,0.0,0.028110660769231598,0.053233408076918565
BaNaScSi2O7,mp-866298,4.5947000000000005,-3.336219922406609,0.003916913411448064
Li9Mn2Co5O16,mp-1175802,0.0,-1.78488701487069,0.1215412568749974
LaCeIn6,mp-1223179,0.0,-0.5747408768750013,0.0
ZnCu(CO3)4,mp-1199580,0.2052,-1.012725170555555,0.49595556180555445
K2LiCrF6,mp-1111927,4.1644,-3.1451961892833338,0.0
Li2DyTl,mp-865581,0.0,-0.30995204708333546,0.0
Sr2GdS3,mp-1072327,0.0,-2.172541043906255,0.18820700166666882
Na10Ta4Si11Sn4SO48,mp-2716493,3.2934,-2.8136228240037573,0.04226635269230883
BiPt2Pb,mp-1227397,0.0,-0.26648592750000155,0.0
SmLuO3,mp-1101371,4.7782,-3.8745294887083306,0.039545404249999194
RbCuC2,mp-5841,1.8861,0.2831495293749997,0.3024677307812498
La12Ga23WO56,mp-1223721,0.0,-2.812731971875001,0.01648044029438811
Y2AgHg,mp-1187701,0.0,-0.4632692281250037,0.0
Al4P4H11C3NO18,mp-709031,1.029,-1.9380540484102777,0.16013639454994166
CaLa2Co2Sb2(PbO6)2,mp-1233066,0.9810999999999996,-2.146718151904762,0.22197033103644603
CuH12N2(Cl2O)2,mp-677406,0.6943,-0.9069043421428579,0.0241162114285709
Ba4TlBiPb2O9,mp-684884,0.0,-1.972011966519608,0.192480400588237
Eu(FeSi)2,mp-582357,0.0,-0.4523171109999993,0.0
CsTlCl3,mp-1112176,1.2584,-1.6802236615977022,0.00036208099999957
LiYGe,mp-14209,0.0,-0.71909869611111,0.0
LuFe4B,mp-1101759,0.0,-0.26558146013888856,0.0
HoSbO4,mp-1238219,2.2933,-2.698102200000001,0.00035053541666840715
NpPa3,mp-977349,0.0,0.26159379281250494,0.26159379281250494
TeMoWSe3,mp-1029165,0.0,-0.4577522324479162,0.10838467291666731
Na4RuN6O13,mp-1210448,0.0,-1.018838234084053,0.2314013681640601
SmLuRu2,mp-978505,0.0,-0.30214917291666676,0.06649997074999892
Li2CrP2O7,mp-757356,0.03300000000000036,-2.59757367362103,0.05945026291667066
Mg149Re,mp-1185583,0.10880000000000001,0.015688513283333615,0.01568851328333354
MnPO4,mp-777460,0.24919999999999964,-2.4391671120956495,0.0
La4FeO8,mp-754261,0.6906999999999996,-3.243467476730769,0.08744217980769342
FeOF,mp-754726,0.0,-2.039025206666667,0.08594778185185259
CuRe2Cl,mp-631418,0.0,1.20220839472222,1.459348469305553
NaNdTiNbO6F,mp-43134,2.7862999999999998,-3.366345649973876,0.03923009295454705
Zr2Al3Cr,mp-1215491,0.0,-0.4246940961666586,0.06547847083333558
Tb4InIr,mp-604378,0.0,-0.5707537543055577,0.0
In2Ga(CuSe2)3,mp-1224609,0.7523,-0.5572272186979177,0.0045060166666619494
BaHoMg(CoO3)2,mp-2217714,0.1299999999999999,-2.2021703859090906,0.3511557736931801
MnH6(SO4)4,mp-24071,5.099500000000001,-1.6628474963122601,0.0
Rb2NbAgF6,mp-1110605,0.0,-2.6218829581666663,0.2914126298333324
In6Ga2PtO8,mp-21084,0.5671999999999997,-1.7730707838235285,0.0
CaHoO3,mp-1183539,0.0,-2.831004200749999,0.4413417948750009
AgWS4N,mp-1025333,0.0,0.38868893796874765,0.7923883932589266
AcFeO3,mp-861502,0.9887999999999995,-2.7689578350000006,0.0
LiCo2P4H3O14,mp-41701,3.1992000000000003,-2.218184994818948,0.0031407545833257444
Ni6Se5,mp-568251,0.0,-0.2913958454829526,0.01844094863636414
LiPu2TeO2,mp-1236192,0.0,-1.9648885170833286,0.37268462673611324
Li5Ni2O2F5,mp-765310,2.1843000000000004,-2.58364990279762,0.02514879321428598
NaLa2Sn2P3(SO8)3,mp-2716337,1.6183999999999998,-2.508937216461178,0.07892476938095694
ZrO2,mp-775909,3.1299,-3.7247470433333327,0.06265508166666578
NaNbSi2SnSO12,mp-2715587,2.6601,-2.5788538551229254,0.07888564132936349
Si3N4,mp-11607,4.026700000000001,-1.2214459228571428,0.09949754000000155
LiFe7O7F,mp-1176712,0.0,-1.624177181145833,0.06601291875000026
Rb2BaCl4,mp-1219789,5.0665000000000004,-2.5293124814285717,0.02557406071428492
Li32Mn13Cr3O48,mp-777838,1.2541000000000002,-2.187195576039272,0.014482460364583893
LaFe12O19,mp-574915,0.9577999999999998,-1.781598423359374,0.08843609765625082
Ti7P12C6(NO24)2,mp-1217444,0.0,-2.205999787120635,0.4422649351111083
KMg8Al17Si19O72,mp-720328,3.7898,-3.2718677039081197,0.05062057340172377
Tm2ZnRu,mp-865351,0.0,-0.4154172800000042,0.0
Rb3Ho(PO4)2,mp-1209402,4.7368,-2.9627837790561213,0.0
Ta2FeTc,mp-1096511,0.0,4.184608915083334,4.524294785384615
MgMn6(OF)6,mp-2230311,0.0,-2.430725882241378,0.1682961154605005
BaMo2(P2O7)2,mp-16802,1.0800999999999998,-2.69102929302721,0.0
SbP(Cl2F3)2,mp-559301,4.487299999999999,-2.100885190803572,0.0960085241666695
Ba3LaMgIn(WO6)2,mp-2230108,1.843,-2.7161414663333323,0.15811842888194416
LiHoSe2,mp-33322,1.5785,-1.9473703461979177,0.015179663749997019
Rb4Hf3S14,mp-542012,1.6823000000000001,-1.4475317609523795,0.0
LiMn2F6,mp-763784,0.7874,-2.8798039437994896,0.06583591194444338
PaTa,mp-1186411,0.0,0.281401289999998,0.281401289999998
Na14Ta5In3(SiO4)12,mp-2712898,3.2805,-2.8783416112111015,0.03222074538617914
Ca2Co2O5,mp-1371368,0.0,-2.106462065833333,0.0869403013888812
BaLi2Si,mp-27454,0.0,-0.25745816291666657,0.0
Fe5O8,mp-1225001,0.0,-1.4536230261538448,0.18532863009615408
UTe(PbO4)2,mp-1191464,1.745,-2.2818281943055534,0.0
NaCeMo8H40C12(S3O17)2,mp-1204389,0.14459999999999984,-1.0228020508468556,0.32313083386458086
Na7MgSi3Sn3(PO8)3,mp-2714709,2.4782,-2.604499838623994,0.04739240014227519
Li2AlNiO4,mp-770400,1.2242,-2.1977341839583335,0.09758182447916663
Nb6CuSe8,mp-1220463,0.0,-0.7826195348333348,0.14871714333333586
Nd4CrS7,mp-1191709,0.0,-1.882509988958332,0.2243124679861106
Na3CoAsCO7,mp-773177,2.6166,-1.9266382930106107,0.0
CdCu2SiS4,mp-6449,0.9802999999999997,-0.7553361756249988,0.0
Na3B6BrO10,mp-1197987,4.726299999999999,-2.6909914770818957,0.0007070717083230704
MnPtN2,mp-1245489,0.0,0.05762532239224072,0.33460448104166574
V2Fe3(SiO4)3,mp-21791,0.0,-2.48185363125,0.093801292312504
MgNb2(O2F)2,mp-2217155,0.0,-2.9832709955555563,0.21968557499999797
Tb3SnC,mp-20750,0.0,1.4510159475000008,1.9633422661111126
Sc2Se3O10,mp-1194798,3.6378,-2.161643829302083,0.0
Ti6O,mp-554098,0.0,-0.8859091449999994,0.0
Ba(BO4)2,mp-1201084,0.0,-1.2746902590530291,0.6945156744318064
NaHf2Zr2P5SO24,mp-2716186,3.742,-3.107885111059817,0.005414520285713209
Mg14CuB,mp-1026874,0.0,0.18862418390625013,0.22151784359374993
Ti(FeSe2)2,mp-675929,0.0,-0.7710259503869048,0.1305040400000017
TiPO4,mp-779587,0.0,-2.7340283532301584,0.07661184461110437
Pr2AlGe6,mp-1190006,0.0,-0.4877963253703683,0.017513728888893354
GaSe3N2Cl5,mp-569902,1.7959,-0.36446184372869345,0.15876562639914304
LaMn3Ni2,mp-16857,0.0,-0.018508836465519114,0.1527848854789271
Li(CoO2)2,mp-754742,0.0,-1.3926115319047614,0.11140816482142846
Co3BiO8,mp-1178443,0.0,-1.1221718918749997,0.05031645756944503
Li3V5P7O29,mp-1177763,0.8812,-2.6027378909090912,0.05146872164773075
Ta3Ru,mp-977390,0.0,-0.22867657175000033,0.0
TiCrAgS4,mp-1238901,0.0,-0.9995227007142853,0.10838128992063023
Li4Ni3TeO8,mp-756871,0.6478999999999999,-1.7261593943749993,0.043624319062500305
Li2CeAl,mp-865629,0.0,-0.1018490511666652,0.09590968333333372
NaHf3Nb(PO4)6,mp-2714017,2.6832000000000003,-3.1655631135972326,0.0042349221904753875
Na5GdO4,mp-755832,2.1312,-1.9915558849999997,0.04027631700000178
Li7Cr4P9O32,mp-27077,2.9121000000000006,-2.6342136862522896,0.05031869048076132
SrMg14V,mp-1028294,0.0,0.15754663312499995,0.17204656812499985
MnO2,mp-33009,0.0,-1.8127765168103462,0.006882928888888529
NpBeO3,mp-973930,0.0,-2.96686544725,0.43241775099999913
Mo(PO3)4,mp-705035,1.8481,-2.4425089968277303,0.05431513303918667
La6S4N3Cl,mp-555012,1.2603999999999997,-2.1910685017857157,0.051216581785709536
Li5V6O5F19,mp-777288,0.0,-2.932955262333334,0.07088637987302349
Eu2In,mp-1095519,0.0,-0.32638727972222625,0.0
Er2CuOs,mp-866100,0.0,-0.310016727499999,0.0
K2PH4O5,mp-1204619,4.5942,-1.8807927428452373,0.03101988711805248
SbH2SO3F7,mp-1197346,5.0502,-2.122917666964286,0.005686365119054848
SeNO4,mp-1209541,1.2906999999999997,-0.6827266373350693,0.23431962388888916
Sm5AgSe8,mp-38805,1.4720999999999997,-1.9384533782440474,0.027896168162202528
Mg(CuN)2,mp-1233072,0.0,0.20029193941666676,0.5143717469166678
Li7Co5O12,mp-1174345,0.0,-1.660657367638888,0.0985459862500031
Na5Y(CO3)4,mp-560919,4.2043,-2.2934559758816615,0.0
NdH4S2NO8,mp-774927,5.351999999999999,-1.9048952548437494,0.0
CuHgSeBr,mp-567720,0.46560000000000024,-0.5522071512109399,0.004254242777778305
Ho9B5S21,mp-1224577,1.4704999999999995,-1.7417590863809493,0.03959315248571382
CeMg30BO32,mp-1039958,0.003200000000001424,-2.886946449518228,0.1511148860814524
Bi11PO20,mp-758223,0.0,-1.696626117020089,0.08083791674480789
Mg4AlB10,mp-1222150,0.0,-0.13136338011110904,0.0
KBi(PO3)4,mp-559020,4.8281,-2.548948226017856,0.0
Be2VPt,mp-1096311,0.0,2.5731436075,3.04559295
Mg14CrCoO16,mp-1035006,0.0,-2.8262118093749993,0.06338978156250086
HfBeO3,mp-1184563,1.0495,-2.884437747499999,0.7660095674999994
Ge19(PBr)4,mp-27625,1.4055,-0.25518086587301575,0.0
CsSbSI2,mp-2646928,0.12309999999999999,-0.9532613599310349,0.13437423199999898
Re3Se2Br5,mp-1173580,0.0031999999999999806,-0.5737086217187496,0.2947680992500006
Ba2EuTa3Ti2O15,mp-1228610,0.0,-3.4315246154855066,0.04207156012693325
Sr2TiSnO6,mp-1519075,2.9853999999999994,-2.9509750259166667,0.02248214974999918
Ba4PrNd(Cu3O7)2,mp-1228202,0.0,-2.146646177467948,0.025549060520820177
MgFe6(O5F)2,mp-2230338,0.0,-1.7609196623684198,0.18780121539473615
Li2MnVP2(HO5)2,mp-849523,0.0,-2.402494546743522,0.029760851547592893
RuSN4(ClO)2,mp-1198427,0.5038,0.4504537369999994,1.2055876786428588
Mn2AlO4,mp-1258376,0.0,-2.0984673529802955,0.44815357535714284
PmTm3,mp-1186668,0.0,-0.005236665624998693,0.0
LiB(S2O7)2,mp-1020060,5.51,-1.904968649624999,0.0
Li17(Co4O9)2,mp-758913,0.666,-1.6951950216666667,0.10686594406976813
NdWNO3,mp-1220201,3.0130000000000003,-2.3164038783333325,0.24434770875000744
Na2CaInP(SO6)2,mp-2713362,2.4709000000000003,-2.37460254679306,0.05926205342105373
MgSc4(Si2O7)2,mp-1233367,0.0,-3.098171913913043,0.4074982354076173
Li2AlPt,mp-30818,0.0,-0.754359220833333,0.0
Ca2CoIrO6,mp-1310548,0.0,-2.0942053987500002,0.029634606000001007
Li2Cr2O7,mp-770895,2.4787,-1.815428348106061,0.07784185334848548
Mg14GaCo,mp-1028413,0.0,0.07528013828125024,0.10896179937500028
Sc2TlV,mp-1096195,0.0,2.524721853888888,2.7110109730555543
CsMg6GaO8,mp-1099261,0.0,-2.1702420423221973,0.6314122962890627
LaCe(SiPd)4,mp-1222952,0.0,-0.8920823094999996,0.004168944000000785
MnSnPt,mp-583030,0.0,-0.08363554431034477,0.29787462402298726
UTiO3,mp-1187736,0.0,-3.103288143166664,0.3075792819999794
Tl2O,mp-551470,0.8411999999999997,-0.6799191766666629,4.31333333352768e-05
Gd3Au,mp-1184461,0.0,-0.2885348199999953,0.13317960750000424
Pb3(NO4)2,mp-1201318,2.1113999999999997,-1.2029845161538453,0.0
ScNb6Cl13O3,mp-667315,0.9312999999999998,-2.1042359389130434,0.0
Tm2Ge6Pt,mp-1206030,0.0,-0.49916643666666816,0.07499317861111265
CaCu2(WO4)2,mp-1041453,1.3795000000000002,-1.9470710763461527,0.13130655182691875
PrTiGe3,mp-1206304,0.0,-0.7168626766666648,0.0
SmGaCo,mp-1219037,0.0,-0.3957565541666674,0.01732447166666784
Mg30SiBO32,mp-1039876,0.7318000000000007,-2.871649360143228,0.1373731020833331
MgZn,mp-1094779,0.0,-0.06304916250000003,0.04320482229999989
MgMnTl(VS2)4,mp-2232214,0.0,-1.0271117150842912,0.20918283389947412
Tb2FeSi4,mp-1217717,0.0,-0.49228703333333357,0.1298429885714265
Sr2TiAlCu2O7,mp-1046756,0.0,-2.57498780775641,0.18647718432692884
Ti2Ni(PO4)3,mp-771314,0.15839999999999943,-2.796230940588624,0.04697680861111131
Eu(InS2)2,mp-1105168,0.0,-1.2833893840476196,0.0
H3CO3,mp-1194227,3.3732,-1.323755901964285,0.06602562991071359
MnTl2H2OF5,mp-24555,0.9937000000000001,-2.1341245872361565,0.0
B5H9N,mp-27893,3.7741,-0.22686154868333402,0.06442807013333418
Nb2Tl2O7,mp-33658,0.0,-2.2993179440151525,0.02854036767856627
Re3Rh,mp-1186923,0.0,-0.16450039687499896,0.0
CuP4S3Br,mp-1196166,1.9334999999999996,-0.4545572231746012,0.0005161641666653338
ZnCoSb2O7,mp-1042576,0.5268999999999999,-1.6105595611363632,0.19434710863636262
LaCoO3,mp-19051,1.0014000000000003,-2.5940281224999993,0.0033163850000006434
NiB12,mp-1104127,0.0,0.2570927782211553,0.29440814658653913
MgAg20(BiO4)4,mp-1234473,0.7324999999999999,-0.694341513373982,0.07529515367479522
Sm2Ge2Ru,mp-22044,0.0,-0.7621618180000042,0.0
Nd2UTe4,mp-33312,0.0,-1.451231658809535,0.0636377116666722
SnO,mp-1245329,0.5356000000000005,-1.2185281751250017,0.1973104661249998
LuNbO4,mp-754614,3.0656000000000003,-3.5736806486111115,0.0057027950000012595
Dy2CdIn,mp-864973,0.0,-0.38843705499999803,0.0
Sr2MgTi6N2O11,mp-1233103,0.0,-3.066873314431818,0.13467655181817761
Ga2Fe2S5,mp-616672,0.0,-0.7118647630555555,0.1596358383333305
Ba2LiTbIrO6,mp-1236502,0.0,-2.4803398122727263,0.20041886743181436
Pt(NO)6,mp-1202899,0.03909999999999991,0.9323652659615396,1.4606813040384656
Ba2Tm2CuPtO8,mp-1214674,0.2841,-2.699742985892857,0.017293019642858454
Mg3Cd,mp-978273,0.0,-0.03327646499999837,0.01759173375000067
Pm(Mg4Al3)4,mp-1186467,0.0,-0.049496812327586195,0.01901779392241787
Pr3TiSb5,mp-1209653,0.21799999999999997,-1.0473081540740736,0.041145208333329464
NaBH4,mp-1101862,6.4072,-0.3854238495833335,0.000329458333332866
Ba3Sr2Re3ClO15,mp-1214717,2.5002000000000004,-2.7912925027083335,0.0
LiCoPO4,mp-863386,2.8406000000000002,-2.327908668758503,0.07372258380952523
Mn4SiTeBr2O7,mp-1193463,2.6948999999999996,-2.0925523160593875,0.0
LiCuPO4F,mp-939375,0.0,2.565087186190477,4.769923674374997
Li5Mn2CoO8,mp-1173979,1.2190999999999996,-2.0224374239080456,0.04691070749999593
MgV2S4(N3Cl2)2,mp-2229444,0.19849999999999968,-0.679381675588236,0.31793490198529195
Li2Ca2Ta3O10,mp-15902,0.0,-3.2056789684509805,0.040174843258272475
Er7Co6Sn23,mp-1197803,0.0,-0.09197370458333312,0.29881468361110297
LiHfSe2,mp-1206373,0.0,-1.482287628697918,0.0
MgSi,mp-1073700,0.0,0.11147514250000039,0.19292421500000012
Li2CdAg,mp-1096684,0.41949999999999976,0.7806571404166665,1.0087581925000002
CaNdMn2O6,mp-720198,0.0,-2.748681809211206,0.0017257462083524189
Sc6Te2Ru,mp-1205898,0.0,-0.7260495203703701,0.07478938150462788
RbP(HO)2,mp-24212,5.1547,-1.6169507703571426,0.0
KMg30BO32,mp-1040196,3.9894000000000003,-2.87629205275651,0.1355175496484371
Tm2MgS4,mp-34116,2.3768000000000002,-2.0746728478571446,0.10044591071428766
UMn3,mp-1187700,0.0,0.13142891655172484,0.16597745301723954
K2AgSbI6,mp-1110949,0.3809999999999998,-0.9833643496166662,0.06595202149999935
Li6Mn3CoO10,mp-1174834,0.07349999999999968,-1.9880523084396557,0.09908090437498984
V3(O2F)2,mp-850979,0.8601000000000001,-2.7041812777777787,0.03683960666666408
MgCo4(AsS)4,mp-2218752,0.0,-0.42198304807692355,0.2965981632307697
Lu2CoB6,mp-505543,0.0,-0.649953777314815,0.0006190608333307424
KGd(MoO4)2,mp-1211455,3.1820000000000004,-2.5126398197708326,0.01568878770833315
Ba2CoC2(O3F)2,mp-562662,3.066,-2.623787583461538,0.00799610230769332
K2TiZnO4,mp-1211941,3.6582000000000003,-2.5208414331666655,0.0
Cs6Ho21S34Cl,mp-1199243,1.9586,-2.3092434160956623,0.0
Ba4Li(IrO4)3,mp-1228761,0.0,-2.1324558774999995,0.010958519322912252
Li2FeF4,mp-849991,2.6491,-2.8249318113095234,0.09510379464285634
KMnH24(C7N4)2,mp-698214,0.2816,-0.06785236917043728,0.23370094166014965
Fe2H6(SeO4)3,mp-1178328,0.0,-1.3435903099796185,0.012176019130438753
MgMoWO6,mp-2217505,1.0505000000000004,-2.277050449999999,0.10215367333333347
MgMn6(O2F)4,mp-2231272,0.25929999999999986,-2.22222959487296,0.19542323673245487
MgGe4(BiO6)2,mp-2230683,2.9318999999999997,-2.00473523236842,0.14904114250000333
ScGe2Ru,mp-1196513,0.0,-0.6668396212499997,0.0
Mg2CdIr,mp-1096201,0.08610000000000007,1.7767775150000007,2.027766079364035
ZrBeB,mp-1215258,0.0,-0.5830500413888894,0.007066213333334126
EuCu(WO4)2,mp-1213368,0.0,-2.242956518333333,0.0130562035416677
NaCaGe3P3(SO8)3,mp-2716507,1.8926,-2.227208235175463,0.0809485423154852
Sc2Al,mp-11220,0.0,-0.366392015,0.0
NbAlNi2,mp-4813,0.0,-0.4310752874999997,0.00719846491666587
Rb4Sn21Hg2,mp-1219835,0.21260000000000012,-0.16192521740740798,0.0
TbNi3Sn2,mp-1217546,0.0,-0.44933261611111025,0.0028966659090894353
LiBi4B3O11,mp-768774,3.3148999999999997,-2.1660900933333336,0.06938929315788744
LiFe4(PO4)3,mp-759000,2.9844999999999997,-2.2899073998630954,0.06781328500001038
CeGaO3,mp-22540,0.0,-2.0899342689181792,0.8752421889000015
MgFe6Sb10(IO3)6,mp-1233080,0.7198000000000002,-1.4333289524390236,0.1125329914821771
La23Mg4Ni7,mp-581781,0.0,-0.18631683573529506,0.0
Ba6Gd2Al4O15,mp-1214682,3.4318999999999997,-3.388511706018519,0.0
CuP(HO)5,mp-505785,0.05479999999999996,-1.4117466465327386,0.15915114937499997
OsClF8,mp-676815,0.23539999999999994,-1.343978879166663,0.06932050241666587
PmAlAu2,mp-862836,0.0,-0.7121874918749995,0.0
Zn2Sb2O5,mp-1046782,1.7828999999999997,-1.284522347222217,0.2600795355555565
NaFeCSO7,mp-768661,1.3477000000000001,-1.8637548771708468,0.05304213166666827
K2PdN2(ClO2)2,mp-613733,2.006,-1.254887081318182,0.06304787309090809
NdCo,mp-1220493,0.0,0.07431147303030627,0.0891310538636354
Fe3O4,mp-31770,0.0,-1.6254769257142843,0.017264410714288303
LiCr4(PO4)3,mp-26913,2.6339,-2.4680236303630942,0.028050514125000703
LiVSiO4,mp-753223,1.5217,-2.77205635297619,0.06948133794642519
Cs6Dy21S34Cl,mp-1197810,1.9469,-2.308367193837596,0.0
NaAlH12(SO7)2,mp-1199345,5.2103,-1.700958800962643,0.0
Hf2IrRh,mp-865178,0.0,-0.9157489999999981,0.0
BaMg14Cr,mp-1026563,0.0,0.17338287812500042,0.1909577664062505
Ca3MnCuO6,mp-1214191,0.6747999999999998,-2.5196409200391865,0.010697913257559755
H4Pd(NO4)2,mp-1193008,1.5880999999999998,-0.9593926166666658,0.009204933555558625
Li2Ni(PO3)4,mp-757511,4.5107,-2.456624816591478,0.09230382627192935
Li5Ca9B7O21F2,mp-1197163,4.2,-3.168073839166666,0.002138624220786589
CsMnP,mp-1077378,0.0,-0.37171517574302254,0.038447830114941794
LiAuF4,mp-12263,2.0738,-2.0171709255555554,0.0035288733333338484
BaSr4,mp-1227650,0.0,-0.003694495999999958,0.0
MoH12C2(S2N)2,mp-1205118,1.8155000000000001,-0.4305166553571423,0.05097187048809371
NaPrTiNbO6F,mp-1220925,2.7726000000000006,-3.356452081261754,0.04121224204542351
Li3MnCoO5,mp-1174200,0.5758000000000001,-1.9037219430431036,0.10045824449999863
Sm2Sn2O7,mp-2883,2.7353000000000005,-2.996390598863636,0.0
Sm2HgO4,mp-1208895,2.2249,-2.8413397975000003,0.0
Sr5Ca3TiMn7O24,mp-1075976,0.0,-2.577306589721264,0.0676383367499831
CrSn(PO4)2,mp-772100,0.21289999999999942,-2.4422768974404767,0.05719366197916198
Li2SnS3,mp-1190364,1.4190999999999998,-1.1318516215277772,0.0006651347916664108
Mg2Si3,mp-1073065,0.0,0.15068132900000036,0.2158405870000002
PuCl2,mp-867358,0.0,-2.152299367916669,0.0
NiPO4F,mp-25468,0.0,-1.7830526495918357,0.24238405053571555
SiBiO3,mp-972827,0.0,-1.8276535864999999,0.7190074119999856
Th4P6PbO24,mp-1217448,4.4866,-3.305091130795917,0.0
AgClO2,mp-997017,0.0,-0.24041331291666612,0.2501594425000002
Tm5Mg,mp-1187640,0.0,0.03026332416666359,0.057878125833330074
V2CoO6,mp-1078719,0.8815,-1.875079347222221,0.2774006950000061
LiMnPO4,mp-585279,2.7916999999999996,-2.4450728465581753,0.18589719107142244
Cu2(SO4)3,mp-768507,0.0,-1.1289868910845655,0.021490654117648944
Ti3FeO7,mp-1103361,1.2912,-2.9142790802272716,0.23724616090910544
Eu2In3Cu,mp-1225787,0.0,-0.34481941166666746,0.034283167499999045
MnCu2Sb,mp-16320,0.0,0.08807061387930837,0.23986448874999944
Ti(ZnN)2,mp-1446325,0.0,-0.36433998666666695,0.458060547000005
Gd3Cu3Sb4,mp-1189617,0.3003,-0.8274542310000002,0.0
Na2Zr2O5,mp-1186029,2.0327,-2.997391982222224,0.1655966099999997
Rb5Dy3Br12,mp-1209352,0.0,-2.1018937926249976,0.01286863327777965
Tc2Pt(NO2)4,mp-1237055,0.0,-0.6631054239999997,0.5106249160000011
Na3Ti3ZnP5SO24,mp-2715915,1.9142,-2.762104872158168,0.03751255056587244
MoRu,mp-1221386,0.0,0.0654167566666608,0.09995914916666493
Mg2C3,mp-28793,1.6533000000000002,0.18446272749999934,0.1844627274999997
BaEuDyWO6,mp-1518565,0.10350000000000037,-3.119353965166667,0.05170714324999892
ThCr2O10,mp-1209755,0.0,-1.6562458449999997,0.3078406578461541
K2ZrHF7,mp-1196802,6.349600000000001,-3.349083267227273,0.0
Li4Mn3Fe(BO3)4,mp-850958,2.9509000000000007,-2.4595225609913776,0.007585393854158795
MgV2O4,mp-18900,0.0,-2.6167936685714293,0.08241092595237731
Co2RuO4,mp-34586,0.0,-1.254153560714285,0.09486064071428668
Ti3Mn3(TeO8)2,mp-756447,0.0,-2.3192283269636014,0.09123869302085552
TaZn2CrO6,mp-1326240,2.4657,-2.3927408282333316,0.11263109050001852
Li4MnCo2O7,mp-1174434,1.4587999999999997,-1.8555195784831693,0.0741829589285663
Pd2(RhS)15,mp-1202732,0.0,-0.4975468644181653,0.031831381317935836
Ti2Si(H2O3)3,mp-1203710,2.8953,-2.1036080819444405,0.038239867916667336
Sr2Al6O11,mp-30906,4.124,-3.455136496447367,0.004651721973703893
VSnRh2,mp-1178762,0.0,-0.34401666624999905,0.08051426312499999
Sr4MgNi2(ClO3)2,mp-2232123,1.3499000000000003,-2.190740654,0.3582620392222218
CeGeO2,mp-1213932,0.0,-2.222061338124999,0.7211694506249993
Li2Mn4OF8,mp-761138,1.1865,-2.816241318059386,0.0797339000000008
CaSeO4,mp-1190405,3.4841000000000006,-1.7910419573437497,0.034759202500000086
ZrFeP,mp-20892,0.0,-1.0515208165476178,0.0
CeMg6C,mp-1100152,0.0,0.24952835156250064,0.30325233437499977
Na8SnSb4,mp-3138,0.2672000000000003,-0.43471648046419087,0.0
TaBe4Mo,mp-1217980,0.0,-0.26201208205555443,0.008573714464284343
Rb2ZnBr4,mp-1200099,3.7189,-1.7925735884523806,0.0006426202380955814
Nd5Zr3(Ni4As3)4,mp-1202368,0.0,-0.8241924785416662,0.0
Na2Cu4S3,mp-17625,0.0,-0.6616953661398459,0.017891746967591438
Dy2Ge5Ir3,mp-1190128,0.0,-0.7157943408333317,0.0030464513518504432
Li3Cr2(PO4)3,mp-26079,2.8178000000000005,-2.659756542696427,0.0052144194999996785
Li8(CoO2)5,mp-754754,0.0,-1.637196654855072,0.11893542127717449
MgZn2Pt,mp-1185617,0.0,-0.4467556412499998,0.01677200571428461
NaSrN,mp-1245463,0.23089999999999966,-0.274327917600574,0.17155706198275844
PBr,mp-1064459,0.0,1.0014417413095238,1.332302301805555
Sm8Ga21Ru11,mp-1219444,0.0,-0.6160509873750015,0.0
Pr2Si5Pt3,mp-1106159,0.0,-0.940660649333332,0.0
Rb2ScSi4O10F,mp-1198458,5.0158000000000005,-3.285929504166667,0.0
Li5Mn(CoO4)2,mp-1173992,0.0,-1.8408224259123553,0.07737705218749813
Na2Hg3S4,mp-505121,1.3273000000000001,-0.6981867725287378,0.0
Ba2LaIrO6,mp-15889,0.0,-2.7092720779999993,0.0
SrCa3(PbO4)2,mp-1218448,1.9231000000000003,-2.5220348299999986,0.005349488392857538
NbGaTc2,mp-1093951,0.04689999999999994,3.200455077499999,3.45809165
MgMn6(OF2)4,mp-1233200,0.32810000000000006,-2.606296544872959,0.15731830421052617
Mg3Cu2(AsO4)3,mp-1210695,0.0,-2.0424615538749995,0.0
K2Mg(CoO2)2,mp-2240456,0.0,-1.2159028532777778,0.5310412766666648
LiB6(H5O)2,mp-1198595,5.3429,-0.6266300858333319,0.12105385748144037
K4Cu4Cl10O,mp-561512,0.2946,-1.4933307969210519,0.0
Mg3Si2,mp-1075810,0.0,0.029846868999999998,0.12758575600000022
Li4V3P8O29,mp-1177226,0.5949,-2.5741985422267315,0.044502897992430235
LiSm6B3O14,mp-1211144,4.510800000000001,-3.5323196663888887,0.0
Zr(FeN)2,mp-1246166,0.0,-0.6578154080000005,0.21174803350000104
MnCd4O5,mp-1176452,0.0,-1.4575711475431021,0.023716083500000096
Li3TiCr3O8,mp-757225,1.9035999999999995,-2.5836119425555553,0.04568604183333491
Li7Mn4CoO12,mp-1175170,0.0,-2.0410765585440607,0.057820886354158496
Cs2RbFeF6,mp-1112167,4.1178,-2.929115013181036,0.0
LiPr2Pa2O8,mp-1235433,0.0,-3.597151657435896,0.17266998160576819
K2OsO6,mp-1080446,0.0,-1.3355528299444432,0.2668599082407379
NiRuBr2,mp-631488,0.0,0.5146335025000024,1.0961713850000017
Tb3CuGeS7,mp-557517,1.5788000000000002,-1.731685516458332,0.0
Nd2Ta6O19,mp-1210137,0.0,-3.0986884182499983,0.09126317504629711
KB6(HO)6,mp-1237093,2.1574,-1.402393257092105,0.2662600203352685
TlSn,mp-1187560,0.0,0.13271716500000252,0.13271716500000252
MgMnPO5,mp-1280694,0.9678999999999998,-2.6339704443842367,0.05271912588542804
NaInSe2,mp-22473,1.0191999999999997,-1.0091971145312488,0.0
BaZn(MoO2)4,mp-1044491,0.0,-1.520744656428572,0.5200902283928492
LuI3O10,mp-1195893,0.2599,-1.24843469922619,0.14431690553571386
Li3FeSiCO7,mp-770822,2.1590999999999996,-2.1931052615384607,0.2144363832692191
Na2LiTlBr6,mp-1111738,0.5730999999999999,-1.2334272937916695,0.12404254675000104
Ga2CoP3NO14,mp-1200913,0.16969999999999996,-1.6249139632823129,0.5614583008234204
Zn4CdSe4S,mp-1215630,1.1071,-0.9326512921874996,0.0184366205000015
LiCu5(PO4)2,mp-778739,0.0,-1.6219989367261896,0.1173167846874934
V2N4O11,mp-795607,0.38329999999999975,0.5582132342647053,1.8692238913235313
InCuSe2,mp-1226514,0.0,-0.49541976953124944,0.06035463625000048
Li5Fe3F14,mp-849291,3.3430999999999997,-2.8543191632575753,0.049820071641406116
Y2Ni3N4,mp-1246796,0.0,-0.6705401383333336,0.17581233111111239
Li3CrPCO7,mp-1177696,0.0,-2.383669718626374,0.07861286944711932
Mg149In,mp-1185594,0.5289000000000001,3.333172222255598e-05,0.002012623466666641
SrCaEuSeO6,mp-1517490,0.0,-2.5282734022343747,0.2157604627499996
Rb4PbO4,mp-779104,1.7171000000000003,-1.525507507777777,0.0
MgHg,mp-1408,0.0,-0.1972285137500016,0.0
SrFeSnWO6,mp-1520229,0.0,-2.0937828909999987,0.18331637449999771
Hf9Re4As,mp-1193669,0.0,-0.4072573105357102,0.0
TbCuGe,mp-9387,0.0,-0.774910149999999,0.0
K4Na4Mo3(WO4)5,mp-1076205,0.40790000000000015,-1.8033035969310336,0.2765012745138824
Pr(FeSb3)5,mp-685871,0.0,-0.29272730757936455,0.00732733928571605
Hg(CN)2,mp-573909,4.7489,0.4270994449999975,0.42709944499999786
Zr3ZnCu2,mp-1192282,0.0,-0.15596797124999995,0.039722273237179806
Li4Mn3Fe(BO3)4,mp-777429,2.6609999999999996,-2.4598129341163784,0.007295020729157997
LiV4OF11,mp-776414,1.0343,-3.1202360375490192,0.044406640588232626
Rb3LiTbV2O8,mp-1235065,1.1275999999999997,-2.569990248166667,0.07388094982142945
Hf2V3Ge,mp-1224430,0.0,-0.2729898033333337,0.055329994999999244
Li9Mn7O16,mp-1100542,0.0,-2.1303360748599136,0.03497356765623838
CaGa2,mp-1172894,0.17209999999999992,1.8065521883333322,2.4015614366666664
UC2,mp-2486,0.0,-0.1111111783333314,0.0
MnFeCo(PO4)3,mp-760077,0.5024,-2.25167672885331,0.040154148333338746
DyAlCo4,mp-1225293,0.0,-0.234208716944444,0.0686027683333279
NaPrZrFeO6,mp-1521691,0.0,-2.6624934928045976,0.16046563087499965
LiGa3,mp-863257,0.0,-0.2455080211666676,0.008717875749999493
Li2Co3SnO8,mp-772420,0.0,-1.6641749794047607,0.036968742410715905
LaPt,mp-1002104,0.0,-1.2975954149999964,0.0
Na3Hf3Al(PO4)6,mp-2714868,4.764,-3.1332136965404076,0.016864701680752603
MgMn6O11F,mp-2230605,0.06669999999999998,-2.0045608888203272,0.12110933129933077
ZnAg3,mp-1187952,0.0,-0.01577503999999763,0.0
NiC2(SN3)2,mp-1102751,0.0,1.5580257181818176,1.7238878045562744
Ce(YSi)4,mp-1227796,0.0,-0.7971604077777764,0.024323934944444403
MnFeTe,mp-1008872,0.0,-0.10858567153256733,0.12241186652298897
Sm2Ge5Ir3,mp-983234,0.0,-0.7465517680000012,0.0
Rb2LiVS4,mp-558815,1.5836000000000001,-1.4321961479166667,0.0
LaTiAlPbO6,mp-686726,1.8576000000000006,-3.188964083333333,0.05025663190001417
LiMo8(P2O11)4,mp-26051,2.3855,-2.279414547712724,0.009544452981575802
Cd(GaSe2)2,mp-33397,0.0,-0.5763953091964282,0.3089581300000006
Mg2Zr14O5,mp-674528,0.0,-1.2148746408333335,0.2549189803174574
MnIn2NiO6,mp-1188474,0.0,-1.7550423002931033,0.05312556650000033
CaGaGe,mp-541310,0.0,-0.613581221666666,0.0
NaAlH8(NF3)2,mp-1189460,6.496600000000001,-1.9016803347988511,0.013352186851852466
CaSmMnSnO6,mp-1521356,1.0705999999999998,-2.6799212282931038,0.16038028324999942
NaRh(N2O3)4,mp-1221037,0.0,-0.2210207018808771,0.5799301355681816
BaGa2B2O7,mp-560870,3.9841999999999995,-2.761160351319443,0.0
AuSCl5,mp-28192,1.56,-0.6894943167857142,0.0
LiMg6B,mp-1021306,0.0,0.31918516392360985,0.3807109525694443
Tb(SiAg)2,mp-4614,0.0,-0.3662982620000001,0.0
Sr2TbRuO6,mp-6068,0.18789999999999996,-2.845630046166666,0.0
Li5V2Co5O12,mp-771251,0.23229999999999995,-1.6397535290277776,0.3556657557142886
NiAsRh,mp-19768,0.0,-0.4250174258333341,0.0
Lu3In,mp-976949,0.0,-0.31381721999999,0.016917669583335737
Fe3H6C6(N3Cl4)2,mp-634187,1.3614,-0.4098003031896553,0.22141829813792313
KLi3Ca7Ti2Si12(O18F)2,mp-641919,3.5221,-3.3536617966495266,0.0
Li11Ti12(NiO8)4,mp-760001,0.03310000000000013,-2.8532186396045196,0.07674034483049663
Li2CrO3,mp-1280547,1.0792000000000002,-2.2101971269444447,0.0439653616666682
TmTiO3,mp-755525,0.0,-3.5495742373333257,0.06115532025002324
Re3W,mp-974416,0.0,0.12750222375000675,0.12750222375000675
Sr(FeS2)2,mp-530391,0.0,-1.0695235773214276,0.19329287267857165
LaCu13,mp-1194443,0.0,-0.07948058000000101,0.0
Na7La3NbSi3(PO8)3,mp-2715072,2.463,-2.985339904924807,0.09460722101625851
Ca11YAl15Cr4SiO48,mp-697210,0.0,-3.0961290788749993,0.10130169827085833
EuMgPd,mp-1102076,0.0,-0.5998248300000041,0.0
Li2Cu2F5,mp-753388,0.0,-2.2477920523148134,0.07835050611111072
TiSnRu2,mp-865888,0.0,-0.6434530166666654,0.0
CsPrCdTe3,mp-12494,1.5231000000000003,-1.3071435843869732,0.0
EuMgBiSbO6,mp-1523017,0.0,-2.3156688064999997,0.15288689185416438
KMg6Nb,mp-1021364,0.0,0.3276431097187502,0.3276431097187502
PrS,mp-2495,0.0,-2.28301785973958,0.0
Mn4O7F,mp-782669,0.0,-1.8825064218103442,0.08073694704860035
CaTiO2,mp-1385378,0.0,-2.3952647866666688,0.6196497249999986
CsTi(NbCl3)6,mp-778180,0.0,-1.540238341025597,0.017678687596184517
KEuMgWO6,mp-1519582,0.0,-2.602181119225,0.12035904324999436
Lu2CuPt,mp-865847,0.0,-0.904321140833332,0.0
TiMn(Ni2Sn)2,mp-1217085,0.0,-0.29096289265804565,0.04237800097290645
MnNiO3,mp-1180705,0.0,-1.3632280120862064,0.25346269800000076
NaLi5Mn2P2(CO7)2,mp-772307,3.5517999999999996,-2.392455269353606,0.055836010512835266
MgMnO2,mp-1445388,0.0,-0.6496203688577582,1.8836766368750002
MgTi14O25,mp-774738,0.0,-3.3793055627291664,0.009961312062493732
HoZn(BiO3)2,mp-1049283,0.0,-2.1462049719999983,0.08925311718750528
CuReO4,mp-852643,0.0,-0.7814373168055551,0.9848301279861111
NbH,mp-1206371,0.0,-0.1874879193749983,0.0
BeTlAsO4,mp-1227475,3.6850999999999994,-2.0364775951190484,0.0
Li7Mn4CoO12,mp-1175280,0.0,-2.040515043335727,0.05838240156249164
Al3Fe,mp-984873,0.0,-0.15406175750000006,0.17269562333333344
V3(O2F)2,mp-754702,0.4906999999999999,-2.674553020555555,0.0664678638888887
PH30Pt2C10I2NCl2,mp-1196358,3.1727,-0.20028792150297647,0.1440214463411431
Rb4MgTi2(CuS2)4,mp-2228344,0.0,-1.1687658306140343,0.0948189119736842
S,mp-557559,2.4962999999999997,0.031096618973215584,0.031096618973215584
BaCeMg6,mp-1017457,0.0,0.16934580125000087,0.20194141620535744
Ca16HN8,mp-675153,0.0,-0.8757999145499957,0.02958796160000432
Li2Fe3(SiO4)2,mp-759106,2.2295999999999996,-2.388931876444445,0.049815508500001826
TeN2,mp-1445439,0.0,1.0907599377777781,1.0907599377777792
Mg6VMo,mp-1021710,0.0,0.34089491250000004,0.36633810374999953
NaHfMg14,mp-1026645,0.0,0.1233298786637933,0.1233298786637933
CeGa3Ni,mp-1226580,0.0,-0.4995381544999994,0.03568666900000128
ReRuCl2,mp-631417,0.0,1.0348570043749987,1.8187723386111116
Li2NiH8(CO5)2,mp-771916,4.1396999999999995,-1.5599493024637676,0.05219195717391223
MgTl3,mp-978262,0.0,0.04286348374999527,0.051357820833329626
