formula,id,band_gap,formation_energy,energy_above_hull
TeMoWSe2S,mp-1030190,0,-0.425624497,0.210342225
Ca4Fe5(Si3O14)2,mp-1227865,0,-2.38285329,0.173176029
MgSc2Ti2O7,mp-2218205,0,-3.347469295,0.189542369
Mn4P4O13,mp-675297,3.6706,-2.485444275,0.040228386
Sc7Cl12,mp-23186,0,-2.00367984,0.014477623
TbMgCd2,mp-862767,0,-0.283715265,0
CaH8(ClO2)2,mp-721047,5.1469,-1.565691788,0.018236622
C2SF6,mp-1214177,4.3393,-1.305670575,0.561594043
Rb2TaCuI6,mp-1110718,0,-0.871781606,0.217537358
CsRbMg6,mp-1098082,0,0.293907172,0.293907172
Ba6Li2Ti7Nb9O42,mp-773084,0,-3.264810191,0.008465952
CeBiAu2,mp-861888,0,-0.59254116,0
KVO4,mp-1180691,0,-1.684958194,0.31844982
MoN,mp-2811,0,-0.546220419,0
LiVCrP2(HO5)2,mp-759891,1.2542,-2.399212286,0.014030212
Ta3MnN6,mp-1247209,0,-0.90541831,0.189291748
U(TeO3)3,mp-554219,1.7448,-2.136249056,0.007253469
Sr3Mn2O7,mp-19070,0,-2.594314562,0.028049522
Sb2(PO4)3,mp-554631,0,-2.028622817,0.024317048
ZrCr2,mp-1919,0,0.188441572,0.188441573
WO3,mp-2383052,1.2701,-2.187120654,0.000512914
KMoIO6,mp-556136,2.7834,-1.636278919,0
PrCrSb3,mp-1209589,0,-0.589970723,0.00904716
SmAlGe,mp-3077,0,-0.664617273,0
Fe10O9F11,mp-849300,1.1994,-2.084651973,0.087039412
Li3CuOF3,mp-1147575,0.3282,-2.543421483,0.066197861
LiV2O5,mp-19408,1.229,-2.426129369,0.034579933
LiTl3,mp-1185253,0,-0.081129934,0.046669947
Ga2PbS4,mp-1196984,2.3028,-0.952410673,0
CoCuP2O7,mp-21403,0,-2.121726385,0.015177063
Ba2SmWO6,mp-1517191,1.7704,-3.083647112,0
TlAsSe2,mp-30236,1.0901,-0.475694008,0
ThBr2,mp-1208286,0,-1.43229347,0.302175932
La3Ta(Cl3O2)2,mp-1211290,3.5677,-3.232805463,0
Rb2YAuI6,mp-1111786,1.1678,-1.345192362,0.105849493
Rb,mp-1063817,0,0.18116351,0.18116351
LiFeAsCO7,mp-770902,0.0452,-1.713206826,0.069260314
SnS2,mp-1002063,1.8648,-0.396669649,0.076658843
La2(Al3Ir)3,mp-1211311,0,-0.835437317,0
BaNd2Ti3O10,mp-6622,1.9244,-3.646718073,0.008736552
SmCrO4,mp-18956,0,-2.752340161,0
In3B,mp-1184492,0,0.910900078,0.910900078
Na4NbZnSi2PO12,mp-2715754,1.7333,-2.65653193,0.091697717
Mo2P2O11,mp-25266,1.6407,-2.25870572,0.002659273
Hg3Te2IBr,mp-571177,1.2572,-0.552054292,0.010943552
Mg2VW3S8,mp-1247252,0,-1.029452401,0.248139752
KPr(MoO4)2,mp-1211391,3.3438,-2.501411094,0.011090205
Na3Hf3In(PO4)6,mp-2714752,4.4328,-3.042019189,0.014411553
KTlBr3,mp-1111155,0.9246,-1.392390547,0.077235673
Mn4Be3Si3SO12,mp-19314,3.3366,-2.758440926,0
Li7Fe2P7O24,mp-757222,2.5575,-2.547878335,0.068193451
K2Nb3H11C5(Cl3O4)2,mp-1194979,1.118,-1.265716786,0.246208791
KCaAsO12,mp-1180993,0,-0.758910454,0.380141939
BeSiTc2,mp-1093711,0.262,3.178284761,3.511336922
Li2Mn4O5F3,mp-754142,0.254,-2.374562901,0.078350857
Pr2P2OsO,mp-1209685,0,0.07719711,1.899875387
SrMg2,mp-1094331,0,0.029401338,0.106734325
RbMnPO4,mp-556338,0,-2.589683222,0
Ba2HgAu,mp-1095904,0.2661,0.705846717,1.332218034
LaFe9,mp-1247737,0,0.215011349,0.21501135
Li3MnV4O12,mp-754783,0,-2.358036254,0.068965197
Dy2Nb2S7O30,mp-1204935,0.1207,-2.261878362,0.00974647
Ba3CaIr2O9,mp-17448,0,-2.377184717,0
Re3Br7,mp-1210365,0.3599,-0.709541401,0
SrRuO3,mp-1179112,0,-1.570155796,0.496634315
LiV4(PO4)3,mp-758417,1.7856,-2.5412114,0.052023184
LiV2OF5,mp-861457,0.7676,-3.036238732,0.077371949
YGePd,mp-1215971,0,-0.90453426,0.076662725
Nd3U2O10,mp-675770,0.1734,-3.843695059,0
ZrCrCuS4,mp-1239122,0.1494,-1.180121943,0.077599349
Cs2CoSe2,mp-8770,0,-0.904407091,0.021257902
PrCuGe2,mp-978092,0,-0.637492519,0
Rb2YCuCl6,mp-1110685,2.6201,-2.130710342,0.042299687
Ba2PrMgRuO6,mp-2218013,0,-2.376017502,0.420602173
CsEu(WO4)2,mp-1213312,0,-2.45580305,0.012390114
BaWN3,mp-989622,1.2852,-0.821954626,0
KGdGeS4,mp-1104447,0,-1.538552388,0.030727156
Mg149Rh,mp-1185582,0.0438,-0.001471624,0.008088755
SmPtF7,mp-17569,2.3817,-2.916592456,0
TiCrCuS4,mp-1239174,0,-1.13320607,0.052620482
LiLa4FeO8,mp-756904,0.4622,-3.252353667,0.069404508
Er3GaCoS7,mp-1191530,0,-1.738444807,0.062864626
Li2SnO6,mp-1180644,0,-0.979733912,0.515223668
CsHo3,mp-1183916,0,0.730355778,0.730355778
NaNiPO4,mp-776294,3.3445,-2.27712897,0.026357478
K2RuNCl5O,mp-541361,1.7947,-1.498171661,0.000125922
PmSmHg2,mp-983063,0,-0.562610521,0
MnAg2GeTe4,mp-1025568,0,-0.29591649,0.004934027
MgSn5,mp-1094240,0,0.022042943,0.063817638
CsMgMnP3HO10,mp-2229931,2.1389,-2.388970683,0.209588741
TiMn2Ni3(PO4)6,mp-776680,0,-2.311568582,0.088449918
MgAl10O16,mp-757911,4.407,-3.388350681,0.020989553
Ca4P7Ir8,mp-31233,0,-0.998682876,0
HfBi,mp-1212407,0,-0.197893581,0
LiMn6O5F7,mp-1235234,0,-2.411815918,0.144107033
Ta3As,mp-30523,0,-0.374538323,0.009846855
SrCoO3,mp-550781,0,-1.90972754,0.087704892
CuSO5,mp-1104691,0,-0.969867949,0.101525059
SrMnV2(AgO4)2,mp-541777,1.366,-2.112574133,0.029006298
Li9Co7O16,mp-1175515,0,-1.608774102,0.146505517
Ni4(SnSb3)3,mp-1220099,0,-0.251519023,0.002955167
HfAlRu2,mp-864909,0,-0.822498638,0
NdZn2,mp-30800,0,-0.367923294,0
Dy2In3Cu,mp-1225653,0,0.087410186,0.627544289
KNiPS4,mp-662530,0.5294,-0.905382673,0
Kr,mp-974400,7.1667,0.013854593,0.013854593
KCoAu3(CN)6,mp-568906,0,0.094423234,0.23658616
V7O3,mp-542910,0,-0.434902928,0.831080103
Fe2O3F,mp-754938,0,-1.668420441,0.104278437
KV13O20,mp-768095,0.5907,-2.400407267,0.094944132
Si2Ir,mp-1206741,0,-0.540359897,0.058270888
Rb2TlGaBr6,mp-1114007,1.6518,-1.542502132,0.090565026
Fe2Si2SbO9,mp-1103957,0.0116,-2.261910353,0.156063732
BaMn6O12,mp-1228093,0,-2.079815316,0.000560511
V2Cu3O11,mp-1208093,0,-1.014645989,0.383563895
Tb3(Al3Os)4,mp-1208548,0,-0.685107791,0
Sm2ScNbO7,mp-1219154,2.51,-3.676655528,0.032796201
Li9Nb7V12O48,mp-850928,1.0234,-2.585105172,0.088324795
Sr2Ca6Mn7FeO24,mp-1099788,0,-2.394531771,0.095847684
Mn13Fe(SiO11)2,mp-1210713,0,-2.161108546,0.066426149
Li3MgNi3O8,mp-772324,0,-1.542264202,0.063290869
LiMgN,mp-30156,2.2065,-0.808809935,0.002981102
SnS16(Cl2O)2,mp-614997,2.0385,-0.460590014,0.047760743
Na14Cu2O9,mp-778419,0,-1.273733638,0.075670485
Li9Mn2Co5O16,mp-1176145,0.1059,-1.782380794,0.124047478
CeHgPd,mp-1079310,0,-0.609887535,0
FeCuS2,mp-3497,0,-0.513957746,0.121169054
BaNaLaFeO6,mp-1520238,0,-2.18400686,0.158742972
MgIn5,mp-1185918,0,0.04036164,0.056855738
Pm3Sm,mp-1186530,0,0.027195394,0.027195394
FeH16C4(NCl2)2,mp-709074,0.0082,-0.445322473,0.113815829
Li3CrP2O9,mp-850889,0,-2.42907709,0.088023208
PNO,mp-760506,3.9649,-1.412007552,0.066338602
Zn3Cu2(GeO4)3,mp-1325923,0.3811,-1.566482323,0.163031173
Ti2NbPt,mp-1096485,0,2.928548399,3.529110556
V2O5,mp-1245156,1.9387,-2.195974749,0.089973698
ErGa6,mp-1213556,0.0277,1.574793446,1.901323398
K2O,mp-971,1.7072,-1.232443797,0
Mg6CdFe,mp-1022159,0,0.142726127,0.168160226
GaFe7N2,mp-1224930,0,-0.137261605,0.05703512
Zr3Co8Si,mp-1216086,0,-0.253433334,0.131105001
Li5Mn6O12,mp-1638896,1.2066,-2.107757805,0.027114573
Ba3(AlGe)2,mp-10669,0,-0.478304637,0
Ti3Sn,mp-1079460,0,-0.319054466,0
SrFeNi2(PO4)3,mp-1195488,1.4127,-2.487503936,0
CeTl(PSe3)2,mp-1195195,0,-0.914590577,0
Nd2(Zn2Ge)3,mp-11667,0,-0.420282306,0
Pr3GePO9,mp-14328,4.4089,-3.32850209,0
NaZr2ZnF11,mp-15141,5.7246,-3.637391301,0
Cs3ScF6,mp-1112965,6.3471,-3.50613267,0.013341154
Ca2TaMoO6,mp-1366540,1.4283,-3.081179452,0
ThU4(Cu4Pd)5,mp-1217741,0,-0.128726133,0.046151685
Ac2Cl2O,mp-1207291,0.2363,-1.524639032,1.313464733
Lu5Zr3(Ni4As3)4,mp-1196994,0,-0.796999818,0
Mn3Co3(TeO8)2,mp-771946,0,-1.448270741,0.091301773
Tm2CdGe2,mp-1079644,0,-0.669781885,0
Na6ScTa3(SiO4)6,mp-2715430,3.77,-3.097019027,0.022547993
Lu(Fe5Si)2,mp-1222514,0,-0.248877211,0
Cu2WO4,mp-683666,0.6311,-1.244484308,0.281193959
Sr2Cu2TeO7,mp-1046197,0,-1.717825645,0.307541144
Li9Mn2Co5O16,mp-1175660,0.6025,-1.807506864,0.098921408
Ca(TiS2)8,mp-1048589,0,-1.710085916,0
Na7Y2Hf2Si3(PO8)3,mp-2715180,4.2346,-3.116186524,0.02377941
CsLu(MoO4)2,mp-1213334,3.5298,-2.545086881,0.039123073
Th5Sn3,mp-30873,0,-0.567208946,0
DyMg,mp-2077,0,-0.058876588,0
K2AlB5O14,mp-1224633,0.2959,-1.862888325,0.508897923
Li3WN2,mp-1246718,0,-0.622649824,0.250178976
Na6CaSi2Sn3(PO6)4,mp-2715348,2.0352,-2.617895035,0.056780692
Lu2CuAs3,mp-1207304,0.1321,2.309589139,3.467377726
Li9Mn2Co5O16,mp-1100728,0,-1.775239886,0.131188385
Mg6AlZnO8,mp-1033130,0,-2.741952989,0.195487167
Al2ZnS4,mp-1096810,3.0979,-1.189187782,0.000766054
Pm3Er,mp-1186502,0,0.032902696,0.032902696
Na2Ta6Ga2Si7S5O48,mp-2715776,2.6581,-2.738506777,0.040754238
NaNi2H3(SeO5)2,mp-1221027,2.7127,-1.360925424,0
Mg3Te,mp-1185797,0,-0.239216678,0.296568224
ScGa2,mp-11412,0,-0.6096569,0
BiTeRh,mp-1227426,0.162,-0.524436662,0
AlVMoO7,mp-20014,2.0209,-2.457087179,0
LiAlHg2,mp-1096281,0,0.833209243,1.027623384
Mg30BiBO32,mp-1098202,1.8777,-2.865973973,0.119759412
AlWO3,mp-1417649,0,-1.448754538,1.178439271
GdTiCdSbO7,mp-39684,2.3292,-2.78079702,0
BaCaSn3,mp-583645,0,-0.6082998,0.001525398
Mg(FeO2)2,mp-532433,0,-1.982189493,0.180368892
CaIrO3,mp-1079054,0,-1.776031614,0.323336272
LiFeSiO4,mp-859102,1.7212,-2.455145056,0.090872514
PbS,mp-1078500,1.2177,-0.752608416,0.03096096
Na4YTa3Si4(PO12)2,mp-2715064,3.1321,-3.097242108,0.04564997
Ca3V2O7,mp-1370470,0.9998,-2.992108214,0.004302287
HfBr4,mp-1212517,4.2933,-1.628441633,0
Li4VCo3O8,mp-753470,1.1025,-1.917441655,0.086152339
LiCu2F6,mp-863372,0,-2.06880137,0.021086557
Cr3N2,mp-1014454,0,-0.283983616,0.315365839
CoN6(ClO)2,mp-1199578,0.1662,0.427953944,0.879982675
Sr2TiAlCu2O7,mp-1249417,0,-2.575371339,0.186093654
Sr2GdNbO6,mp-1518774,2.8344,-3.411394828,0.02340975
CaNd3,mp-983582,0,0.089137312,0.089137312
Sr2MgTlCuO5,mp-2223136,0,-1.979422581,0.292137291
KOsN2,mp-1246367,0,0.066406223,0.213814446
Eu2Ge3Au,mp-1102390,0,-0.652630449,0
Tl2Ge2Se5,mp-540818,1.4126,-0.610636713,0
Mg14ZnSb,mp-1027899,0,-0.018359881,0.061817389
Ca3Zr17O37,mp-674516,0,-3.603828463,0.141444022
Na2BiO3,mp-780618,0,-1.660193517,0.071364069
KNaCa2(SiO3)8,mp-1226150,0.4556,-2.439827327,0.337154068
CuGe3,mp-1184183,0,0.324850239,0.324850239
MgV6O5F19,mp-2220500,0,-2.834254394,0.065837193
Li2FeH4(SO5)2,mp-770588,4.2367,-1.799384915,0.048862017
MgFe6Sb10(IO3)6,mp-1233566,1.5514,-1.448074267,0.097787677
Mn2Fe3Co3O16,mp-772328,0,-1.265357807,0.123302911
Zr3U7O20,mp-766007,0,-3.703701392,0.304438024
MgZn2(BiO3)4,mp-2230573,0.0727,-1.555268142,0.096607624
MgV5CoO12,mp-2231512,1.0036,-2.319078505,0.133883478
Li9Mn2Co5O16,mp-1175533,0.6106,-1.82724776,0.079180511
Ca2AgRh,mp-1183516,0,-0.299633551,0.034285247
Bi2OsAu,mp-631571,0,0.67933046,0.703252707
LiTaGeO5,mp-1222344,3.7967,-2.755211,0.004194907
Li5BiO4,mp-769040,2.4426,-1.946899936,0.046776341
UMo5O16,mp-32069,0,-2.228384313,0.028353339
Na2PrWO6,mp-1516196,0,-2.403283914,0.093754664
Mg6VSb,mp-1021653,0,0.069429625,0.203220669
Na5Sc4P5SO24,mp-2715082,4.4893,-2.988574724,0.012107037
LaTaZnCrO6,mp-1049235,1.8525,-2.872991134,0.149160914
ZrTaRe2,mp-1096000,0,4.530790722,4.836545284
TmHfOs2,mp-865209,0,-0.546848865,0.084787951
Li2Cu(PO3)4,mp-761911,0.869,-2.436031868,0.043051902
LiCo5O7F,mp-1306750,0.4512,-1.49163336,0.041150249
Li3Co2O5,mp-1174026,0.2071,-1.69072397,0.071618372
Mg3BiO4,mp-1099246,0.2037,-2.086522131,0.536213656
InPH5NO5,mp-764968,3.5128,-1.608998711,0
CaVP2O7,mp-1042009,2.1767,-2.877774508,0.03364917
MgCd5,mp-1094742,0,0.008359679,0.039903622
RbErS2O9,mp-1209674,0.8517,-2.210724635,0.142399038
VGe2,mp-1084800,0,-0.168534333,0.032563328
Rb3Th,mp-1186912,0,1.041367382,1.041367382
Ba3P2(SeO)4,mp-1192881,1.3262,-2.344026897,0.009407831
Tm3Pt4,mp-1105001,0,-1.388354681,0
C4O5F6,mp-556192,5.3178,-1.843271727,0.131479119
MgCrF4,mp-1045314,3.4969,-3.283422548,0.038485505
VZnP2O7,mp-1048243,1.9877,-2.502668441,0.018612591
MgCrGaO4,mp-2239948,2.1823,-2.338087285,0.240445345
TbBPd3,mp-3022,0,-0.654714329,0.112749955
BaF2,mp-8644,5.9306,-4.027698763,0.136285352
LiFeB2O5,mp-774231,2.6882,-2.455479607,0.044136501
NdGd2,mp-582464,0,1.654705084,1.654705084
VO2,mp-634430,0,-2.099689411,0.419910287
Hf6Al2Fe,mp-1224393,0,-0.290239771,0
Cr5Cu(GeO6)2,mp-1213937,0.5471,-2.141990988,0.491229603
InGaS3,mp-504951,2.0937,-0.779560963,0
AlCrMo6(H19O20)2,mp-1201081,3.412,-1.540791688,0.018669321
GeSb3,mp-1184683,0,0.15228952,0.15228952
SrBe2(BO3)2,mp-558981,5.3547,-3.111990917,0.007696537
Cr4(PO4)3,mp-26840,0,-2.466454435,0.033639047
Li9Mn2Co5O16,mp-1176114,0.1897,-1.775697522,0.13073075
LiZrSe2,mp-1001615,0,-1.56655716,0
Eu(YS2)2,mp-38971,0.4536,-2.383239449,0.021692126
SrMg,mp-1094880,0,-0.014495192,0.043504547
H5IO6,mp-1181667,1.266,-0.972418734,0.050645629
MgZn2,mp-1094504,0,0.003534482,0.134164787
Ag(AuS)2,mp-35835,0,-0.05503952,0.051189179
CrHSe3O8,mp-744182,0,-1.186324551,0.265277912
ReTe,mp-974469,0,0.57551395,0.901991908
Rb2Pr2Mg(WO4)4,mp-1234646,2.0543,-2.57917722,0.070761909
Na3Mn2(GeO4)3,mp-1013842,0,-1.943853685,0.064822424
TeMo6,mp-1237627,0,1.794806015,1.870426486
YMn2,mp-558,0,0.16194284,0.16194284
Li4V3P8O29,mp-1177292,1.1292,-2.561971618,0.056729823
PrAsO4,mp-754109,3.7516,-2.583800997,0
Li7Mn11O24,mp-685293,0,-2.04149985,0.023588365
K3B12H12Br,mp-634464,0.6967,0.608533609,1.133596952
LiNi(PO3)4,mp-1176606,0,-2.379929063,0.042138703
LiTiIr2,mp-864930,0,-0.660227134,0
LiMg6Cd,mp-1021276,0,-0.027577209,0.040547069
Nb4CrSe8,mp-17865,0,-0.975836668,0.145682137
Mn3Te,mp-1185993,0,-0.005140127,0.300594262
Sr3CaMn2FeO10,mp-1218360,0,-2.485902621,0.028833956
Ti4Cu2O,mp-1217206,0,-0.842482473,0.122871007
Li6Fe9CoO20,mp-765392,0,-1.683836372,0.068946797
Ag2SO4,mp-660503,1.321,-1.223423661,0.030593033
DyZn5,mp-30627,0,-0.283336274,0.023859817
Ti2ReMo,mp-1096178,0,3.991931009,4.287670178
NaTa3Zn(PO4)6,mp-2713983,1.8389,-2.875446594,0.010230616
Sr2CaI6,mp-771643,3.2767,-1.879390977,0.094405369
USb2F15,mp-1178972,0.3167,-2.9722553,0.059783878
Li4Ti3V2Cr4O18,mp-774581,1.5461,-2.657043618,0.09552908
Zn4As2O9,mp-29437,2.042,-1.764449775,0.00764259
Te2W,mp-1028586,0.6218,-0.077843282,0.038708187
NaCaTiP(SO6)2,mp-2714565,1.4954,-2.558539768,0.08377952
CaSnS3,mp-866951,0,-0.951940843,0.435138811
KFeCuS2,mp-1223472,0,-0.746698394,0.109084377
CaCu3(RuO3)4,mp-6036,0,-1.276576009,0.027269228
C3N4,mp-570572,1.413,0.148286402,0.148286402
FeSnRh2,mp-1097141,0.2374,2.495548781,2.7965725
Li2CuP2O7,mp-6412,0,-2.448397293,0
Lu2SiO5,mp-18195,4.5675,-3.733685698,0.023591111
Sc2NiPt,mp-862368,0,-0.884355425,0
Hf3As,mp-582067,0,-0.640020218,0
MgMn4Zn2O8,mp-2227974,0.3139,-1.916441703,0.192266394
Ta2CuO6,mp-530850,0.0203,-2.546056648,0.026963353
MgWBr4O,mp-2226932,0,-1.450628198,0.157148264
Te3Pd5,mp-1208304,0.0178,0.226210042,0.557620818
InAg(WO4)2,mp-560403,2.1247,-1.899973322,0.021870958
Nb9AsO25,mp-759342,2.1016,-2.902813691,0.000127986
Mg(VS2)2,mp-1407214,0,-1.267229385,0.142961651
MgU2(SiO8)2,mp-1190722,0,-2.084571412,0.526085047
LiAlO2,mp-34993,4.5039,-2.991990422,0.102801655
CaEuHfVO6,mp-1519493,0,-3.262556531,0.140260933
Sr2HoBiO6,mp-1208845,1.8268,-2.865204525,0
Li6OsN4,mp-1029826,0,-0.538013635,0
Mn2NiO3,mp-1221867,0.6211,-1.68182247,0.077112978
Pr6S4N3Cl,mp-556087,1.168,-2.036499069,0.044459719
Dy3Se4,mp-571400,0,-2.057553584,0.058138801
BaLiMg6,mp-1099308,0,0.134452085,0.189684992
TaInS2,mp-22332,0,-1.10424949,0
ErC2,mp-1579,0,-0.195470462,0.080345016
Tb2MgSe4,mp-1232345,1.1144,-1.737895378,0.221604831
Na4Al3Si3ClO16,mp-720111,0.3044,-2.609120479,0.059425833
KNO2,mp-29200,2.3232,-1.285310017,0
Bi14Pb4Cl8O21,mp-1229189,0.5237,-1.605996134,0.085749727
Mg149Be,mp-1185586,0.5244,0.011578638,0.011578638
ZnNi9Ge2,mp-1215729,0,-0.201257304,0.034589103
NdCrO3,mp-19062,1.904,-2.996146958,0.14311416
K3CuPCO7,mp-772819,0.2126,-2.130734224,0.026725782
Th(CuP)2,mp-9581,0.1198,-0.770950678,0
LuWClO4,mp-1103690,3.5573,-2.755428232,0.041176226
Li2Fe3P4(HO4)4,mp-849240,4.1444,-2.216393096,0.021336941
TbPb3,mp-21156,0,-0.296451882,0
Y(TiGa2)2,mp-11445,0,-0.535474724,0.012414277
Li4Fe3Ni3(SbO8)2,mp-761969,0,-1.730743437,0.017598521
TiFeP,mp-1080486,0,-1.03284415,0.029949081
BaSrAg2,mp-1093927,0.1699,1.024428372,1.319214462
CaMgB6(HO)22,mp-720718,4.9561,-1.89715364,0.014579122
Fe13O15,mp-756693,0.9051,-1.483231497,0.077823186
Li4Ni3SbO8,mp-1311728,0,-1.784210305,0.02391331
Nd5Ge3,mp-1465,0,-0.548017641,0.275153719
Li5Mn(CoO4)2,mp-1174028,0,-1.790308816,0.127890662
TiVO4,mp-755748,0,-2.946358805,0.066034531
LaBe13,mp-1193251,0,-0.136425675,0
Li2VF4,mp-1177792,2.9512,-3.058032105,0.036773144
PNO3,mp-1179877,0.292,-1.032399807,0.782203443
Li3Fe2P2(CO7)2,mp-768623,0,-2.177061006,0.045289958
MnSeO5,mp-1239063,0,-1.04063564,0.265406168
LaIn,mp-20582,0,-0.648769407,0
RbGa2P5O16,mp-558390,4.4174,-2.607654131,0
Li7Mn2(CoO4)3,mp-1174485,0.938,-1.89679848,0.063936412
AlFe2W,mp-862288,0,-0.208302922,0
Tb(FeGe)6,mp-21565,0,-0.276174607,0
Nd3CuSiSe7,mp-641534,1.1291,-1.632453711,0
AlGeMo,mp-1228900,0,-0.273077184,0
CeSiAg,mp-1226539,0,-0.385828454,0.032673675
FeCoPt2,mp-1225018,0,0.003732645,0.164205447
K2ScHgBr6,mp-1111989,0,-1.730082087,0.092859212
NaHf2Al2P3(SO8)3,mp-2716297,3.869,-2.779864845,0.028124015
NaNiCSO7,mp-863078,0.0733,-1.741425221,0.045214938
HfP2(H3O5)2,mp-697913,5.2369,-2.037901226,0.01690589
HfMg30CrO32,mp-1038569,0.0207,-2.939352853,0.095339278
Cs3Ti2Cl9,mp-569484,0.2181,-2.07706449,0
Li3Gd3(TeO6)2,mp-1212457,2.8187,-2.736355595,0
ZnCuP2O7,mp-1215559,0.1356,-2.198439387,0.029531327
K2LiMoCl6,mp-1110855,1.4862,-1.707348297,0.037877212
CsMn2V2ClO7,mp-561100,1.8949,-2.304837511,0.003752725
BaIrO3,mp-4307,0,-1.973356372,0.047177417
DyGa2Co3,mp-1106015,0,-0.36075702,0
Mg2InN2,mp-1247445,0,-0.236507015,0.367745543
Sb3O7,mp-1044095,0,-1.350125429,0.085729385
Ba21Al40,mp-567701,0,-0.243331176,0
Mn15CrO32,mp-771190,1.0598,-1.768798501,0.064934253
LiMnSiO4,mp-753095,0.9032,-2.564831415,0.096303137
Cu6Te2Mo2H2Cl4O15,mp-1226362,0,-1.30014387,0.028721806
LiCaUF8,mp-632402,0.3839,-3.767349779,0.025278989
MnOF,mp-752784,0.0751,-2.317912765,0.076082373
P4WO12,mp-767776,2.7895,-2.470505777,0.019781965
Pr5Bi3Br,mp-1209360,0,-1.086570586,0
HoZn(WO3)2,mp-1041307,0.9379,-2.270970411,0.188468139
ScAu2,mp-1018148,0,-0.879585752,0
K3AlO3,mp-9157,2.8977,-2.255357808,0
KZn13,mp-784,0,-0.095411179,0
MgNbV3O8,mp-2219288,0.6724,-2.589043324,0.182946064
NaPO4,mp-1180166,0.0897,-1.670828104,0.531662482
In10Sb9Te,mp-37501,0,-0.101632855,0.132797901
TmMg,mp-1505,0,-0.074637223,0
MgTiCrO4,mp-2227419,0,-2.762676644,0.2156955
CsTmH3,mp-1207081,0,-0.262679505,0.318203783
TiFe2O5,mp-19255,0,-2.306743978,0.073019713
Tm2B6Os,mp-1203429,0,-0.702599367,0
BaMg(FeS2)2,mp-2227518,0,-0.928137596,0.447989392
Li4Nb3Cu3(TeO8)2,mp-774886,0,-2.083409815,0.094079129
Sr6Ca4Cu17O29,mp-1218738,0,-1.614252341,0.025722224
Na6CaTi3Si2(PO6)4,mp-2715370,2.5166,-2.949891726,0.046543599
MgV4(O2F)4,mp-2224725,1.247,-2.61016213,0.123175713
NaHF2,mp-632282,6.6772,-2.278564244,0.19061428
Na6Te(PO5)6,mp-1197343,0.0062,-1.498698572,0.469754394
K3Ce,mp-1185353,0,0.810932111,0.810932111
CuHO2,mp-996999,0,-0.744300856,0.043334231
ZrGa6FeCo5,mp-1215361,0,-0.059450043,0.281200578
CsNaNbOF5,mp-1213599,4.3489,-3.266053156,0
HfGaCo,mp-1224583,0,-0.400335758,0.128868332
MnP4,mp-569522,0.4786,-0.359478628,0
C2SeN2,mp-639826,3.336,0.451397907,0.451397907
HfGaCu,mp-1018714,0,-0.382586553,0
NdEuHg2,mp-1186311,0,-0.584440167,0.000769463
Sc3OsC4,mp-867215,0,-0.437704329,0
NdGa3,mp-567454,0,-0.517058887,0.122349716
Na30Ca20Nb4Si9(S3O16)9,mp-2714668,1.4932,-2.533764908,0.09211344
MgVCrS4,mp-1247080,0,-1.230827206,0.074303551
Er4MgTi2O10,mp-2229324,0,-3.533202777,0.192655024
Ca8Mg5Fe2(SiO3)16,mp-532705,3.5486,-3.225715563,0.026665661
LiMn3(BO3)3,mp-781682,0.1731,-2.398762634,0.086813679
AuCS2Cl3,mp-556112,1.8955,-0.506878316,0.028529479
Li3CrSiCO7,mp-774236,2.8655,-2.496893475,0.037474404
VSb(PO4)2,mp-755953,1.9271,-2.461102741,0.06389976
Cu2Ni11O13,mp-757285,0,-0.158160571,1.015421007
Rb3MgH5,mp-643712,3.0455,-0.283637037,0.007847153
VN,mp-925,0,-1.162422889,0.19010503
NaLiV2O6,mp-769511,2.846,-2.383794988,0.015475568
ScAs,mp-12982,0,-1.102195284,0.483481375
VCrO3,mp-807999,0,0.185744211,2.633730311
La4P9Rh8,mp-1200868,0,-1.10318969,0
HgP2Se,mp-631293,0,0.735410852,0.853871208
Si5O8,mp-1179651,3.4528,-2.513374603,0.298149724
U(HO2)2,mp-626864,1.5566,-2.536036749,0.074179732
Th(CoP)2,mp-1079824,0,-1.039404355,0
MnAl2Fe,mp-1093629,0,2.375522478,2.675108858
Pr3(Co2Sn)4,mp-1209618,0,-0.252396867,0.077958184
Na4Eu2GeP4,mp-1221300,0,-0.615494935,0
Rb6Ti2O7,mp-770408,3.7558,-2.507182109,0
Rb3H(SeO4)2,mp-1219652,3.4013,-1.656922316,0
Li5FeO4,mp-780192,2.5873,-1.993256733,0.047047925
Sr6Y2Co3(Cu2O7)3,mp-1845875,0,-2.091740106,0.050883668
Na3YTi3(PO4)6,mp-2714643,2.1279,-3.011373551,0.030310716
Fe2(TeO3)3,mp-605856,1.6098,-1.563504954,0.004514499
SbI(OF4)2,mp-557917,2.2627,-1.959598903,0.025335647
K3S3NO11,mp-1197439,0,-1.435969138,0.528739715
Ti13Al9Co8,mp-1217391,0,-0.500129107,0
NbCr3(AgS4)2,mp-1239260,0,-0.708583715,0.210850964
SmFe5,mp-1566,0,0.006497711,0.006497711
Li2MnCoO4,mp-1173901,0,-1.866080088,0.084810887
GaS2NO8,mp-1212631,0,-1.13090836,0.550687758
Na10Nb7In(SiO4)12,mp-2713494,2.7723,-2.939120944,0.035359791
Li5Cu2Ni3O10,mp-756021,0,-1.445628346,0.031247639
MgSb2(H4O3)6,mp-24696,3.2815,-1.436995416,0.03007369
LiEr2Tc,mp-867139,0,-0.072379536,0.021101869
BS2,mp-540668,2.437,-0.728328292,0
Na3Y2Ti2P5SO24,mp-2716073,2.3422,-2.969898442,0.041416092
Cs3NiF7,mp-17450,0.8735,-2.540416025,0
Li11(FeO3)4,mp-849463,0,-1.866910086,0.115168791
K2CoSe2,mp-8768,0,-0.858034861,0.040880592
Sr2MgZn2Sn2(PO4)4,mp-1233908,2.2433,-2.571622791,0.134423223
Tb3Ge5,mp-2321,0,-0.796894801,0
NaB3H8,mp-1191970,5.4353,-0.243835639,0.02856436
K2MnHgF6,mp-1111955,0.3587,-2.604453137,0.038886335
Mg14MnMo,mp-1028059,0,0.184583978,0.184583978
MgMn5O9F,mp-2232925,0.7564,-2.052930702,0.130116539
ZrTe5,mp-605,0.0192,-0.583654094,0
Ce2Se3,mp-32578,0,-2.100741785,0
AlV6Sb,mp-1228831,0,-0.206290146,0.009849448
Mg6CuSn,mp-1022113,0,0.014594901,0.10944162
MgCo6(O5F)2,mp-2230187,0,-1.361218796,0.222954108
TiP,mp-696572,0,-1.007463052,0.280597836
Mg14CdCuO16,mp-1035261,0,-2.756755298,0.04267301
MnAl2Sb2(PO4)6,mp-1221856,2.9471,-2.632639698,0.006788357
MoWSeS3,mp-1027624,0.4705,-0.819497784,0.05083114
Li5Fe3(SbO5)2,mp-1275686,1.0172,-1.927050602,0.044144983
Mg14AlSnO16,mp-1036646,0,-2.7795945,0.201349604
MnZn2WO6,mp-1291397,1.9934,-1.949770955,0.093948743
V4HC3,mp-1216447,0,-0.493426733,0.007497743
Nd2Sb,mp-12049,0,-1.013258747,0
Hg3AsO4,mp-556339,1.7517,-0.808472204,0.00334562
Na2AsAu,mp-7773,0.4175,-0.596101208,0
RhN2,mp-2831849,0,0.1165637,0.1165637
Sm2Si3Ni,mp-1219157,0,-0.72087542,0.147344614
Hf2N2O,mp-775799,2.0167,-2.531297101,0.001383754
Li3Fe(PO4)2,mp-757451,1.1261,-2.491322713,0.08731325
LuScPd2,mp-974065,0,-0.94875326,0.011264493
Cs2NaCrF6,mp-557047,3.6721,-3.100027896,0
Tm2MgSi2,mp-1206569,0,-0.654656977,0
Li2Zr2(PO4)3,mp-773052,0,-3.006821821,0.098267361
PmMgO3,mp-1186600,0,-2.818325097,0.312897661
ScH10N3O14,mp-1196702,3.1846,-1.33992106,0.00168193
Na2LiEuCl6,mp-1113918,0,-2.047825862,0.163626404
ZnP2W2O9,mp-1041044,0.7317,-2.142383606,0.161022785
TmMn12,mp-980811,0,-0.018925867,0
KGd(BH4)4,mp-1194808,2.4168,-0.400672877,0
ZrO2,mp-776427,3.3334,-3.726481032,0.060921093
Y8Cu3(GeS7)3,mp-1338522,0,-1.534417809,0.069785772
U2Re2C3,mp-1025230,0,-0.177808105,0
Rb2Be3Cd2F12,mp-13614,5.3334,-3.138434192,0
TiGa,mp-2767,0,-0.471635715,0
RbHS,mp-2420465,1.4435,-0.69971846,0.23310235
LiVPO5,mp-757445,1.1022,-2.582329542,0.081276553
Mg14CdCO16,mp-1033739,1.0854,-2.57979799,0.268316556
Si2Ag9NO11,mp-1219350,0.1753,-1.135382232,0.028990906
Na2Mg(NiO2)2,mp-2217469,1.3291,-0.805277195,0.887849429
Y3AlO6,mp-1101169,4.7324,-3.787754719,0.052136589
MgGa2,mp-1094659,0,-0.029108118,0.090466743
SrMgF4,mp-561022,6.6872,-4.003735184,0.021730075
MgSe2O5,mp-16771,3.0277,-1.754712265,0
Mn4Fe2Sb3,mp-1221870,0,0.01655959,0.100795907
CuPb2(BrO)2,mp-1147565,0,-1.027158537,0.273398447
Y(Ni2As)2,mp-1104069,0,-0.6200217,0
NaNi2P2O9,mp-1094125,0,-1.904556122,0.128551688
MgTe4Mo4(SeS)2,mp-2219467,0,-0.685618786,0.200392701
Nb4NiP,mp-1103609,0,-0.439043052,0.057898521
Ca3LaTi2Cr2O12,mp-1227769,0.7309,-3.228542493,0.020312151
SrCrO3,mp-755321,0,-2.545286743,0.096432393
GdPS,mp-1191365,0.2727,-1.760836691,0
Mg30FeBiO32,mp-1037419,0,-2.853498076,0.085325908
KMg14BO15,mp-1035645,0.8123,-2.573599879,0.340479126
Mg6TiAl,mp-1023400,0,0.087275071,0.189011204
UAg2(WO5)2,mp-705061,1.0358,-2.176965868,0.014999232
Mg6SnBiO8,mp-1031414,0,-2.252309672,0.429755006
Cs2NaSbBr6,mp-1112142,2.556,-1.690796929,0.013583241
CaSmMgNbO6,mp-1227140,3.582,-3.402813018,0
HfCo2Sn,mp-20730,0,-0.395128034,0
PrEuNbFeO6,mp-1523150,0,-2.855162454,0.253513582
CeAsO4F,mp-1193745,1.4955,-2.841350661,0
NiSn(PO4)2,mp-757910,2.39,-2.308357595,0.030444598
Na14Hf4Ti4Si11SO48,mp-2714456,2.7686,-3.065062639,0.027514824
Mg2Ga,mp-1094674,0,-0.047960861,0.068699659
Ba3GeO,mp-17833,0.3566,-1.438939542,0
CeSe2,mp-1080356,0.9452,-1.395789453,0.520488984
CsEr(NbBr3)6,mp-569903,0.6951,-1.571416642,0
Li(CoO2)3,mp-1285961,1.0358,-1.34642563,0.027257412
Mn6PtRh,mp-1221683,0,-0.145111893,0
OsC2,mp-1008835,0,0.601155245,0.601155245
Pu3Ta,mp-1186826,0,0.20570158,0.20570158
YSnO3,mp-1412687,0,-2.160820975,0.810402517
Na2La3Nb5Si6(SO8)6,mp-2713869,1.4526,-2.728569259,0.111375031
SrAgGe,mp-1218537,0,-0.452680056,0.017854054
CaAl2SiO6,mp-1019586,4.5363,-3.425640239,0.01682405
Hf2CoCu,mp-1096112,0.0845,3.140123498,3.496348217
Mn6O5F7,mp-780461,0,-2.398198677,0.091519076
Nb2VMo,mp-1095742,0,4.316059317,4.366833292
Tb3Ga5,mp-1197290,0,-0.749750685,0.026487537
HfMo2,mp-2363,0,-0.173352725,0
ScVOs2,mp-1093806,0.1121,3.512017456,3.883295463
Na14Sc4Ta4Si11SO48,mp-2714578,3.4592,-3.028295655,0.038588108
SrYMg6O8,mp-1032600,0,-2.829338478,0.26123242
Na5Bi2As(CO4)4,mp-774869,0.4649,-1.85550644,0.086356303
Li2U(MoO5)2,mp-663540,0,0.667166323,3.213126521
Nd6Nb4Al43,mp-1210336,0,-0.356743392,0.015463996
Ti2VTc,mp-1096234,0,3.48368472,3.743034709
LiFe2(BO3)2,mp-759537,1.6146,-2.264606178,0.062005311
LiFe2C2O7,mp-1176733,1.7614,-1.772054608,0.114886951
Mn2Ni(PO4)3,mp-759483,0,-2.267758525,0.038454545
Mg14CoBiO16,mp-1034825,0.4737,-2.688404862,0.137517251
SrMgF4,mp-1095258,6.7182,-4.000824218,0.024641041
Fe2Te2Ru2(CO)11,mp-651724,1.6949,-0.717704309,0.460099492
TiNi,mp-1067475,0,-0.324108792,0.071746235
DyAlNi,mp-1225382,0,-0.510499318,0.092630576
EuCo2SiGe,mp-1225172,0,-0.560107186,0
Li2FeF4,mp-777418,3.833,-2.89147944,0.028556166
Eu2CrSbO6,mp-1516449,0,-2.616607038,0.132978928
Li5Fe2P2(CO7)2,mp-768667,0,-2.307412448,0.034855742
Sr2Ca6TiMn7O20,mp-1076877,0,-2.687886237,0.071306874
Li4FeP2O9,mp-757582,1.1233,-2.419718002,0.090287799
MgSb,mp-1094585,0,-0.093204424,0.263571692
SnO,mp-999142,0,-0.970343794,0.445494848
Li2VP2O7,mp-752820,2.8277,-2.644717863,0.041626629
HW2C9NO10,mp-1224650,1.8539,-0.685286494,0.58673334
Sr2Li2Nb4O13,mp-753864,1.4216,-3.086361706,0.027410544
Be3Si3(WO6)2,mp-1047959,3.6665,-2.66446092,0.195321732
Ba2NdCoCu2O7,mp-1214600,0,-2.192502366,0.023050694
La2I2O,mp-1211271,0,-1.445405116,0.982086987
Ba4Co(ReO6)2,mp-1106249,1.536,-2.625236633,0
K3Si3N5,mp-1247442,2.2395,-0.806337892,0.106604271
Mn7SiO12,mp-3224,0.2567,-2.234286728,0
CoAsS,mp-613314,0,-0.182195889,0.298117596
InCu3PbSe4,mp-1181068,0.9191,-0.197858919,0.251359655
US2O9,mp-1201369,2.2009,-2.35427349,0
MgFe2(NiO3)2,mp-2223661,2.6607,-1.631505314,0.186826001
Fe3Ge,mp-20344,0,-0.156686391,0
CeB2Ru2Rh,mp-1226655,0,-0.5898616,0.000496695
La3Bi3O11,mp-772194,0,-2.494399562,0.031062892
FeSb2,mp-20714,0,-0.1560038,0
Ti17(NO4)6,mp-779454,0,-3.050630266,0.037622034
Ca6Ag16N,mp-542496,0,-0.315113251,0
Li7Mn4CoO12,mp-1175266,1.1879,-1.896988439,0.201909006
Mg149Fe,mp-1185592,0.0553,0.015586644,0.015586644
SrAlIn,mp-1218590,0,-0.336328537,0.014459134
MgNb2V2O10,mp-2232321,0.7631,-2.716655477,0.148359822
Na3La(AsO4)2,mp-1210455,3.2946,-2.28554833,0.10258846
ZrScPt2,mp-1097155,0,1.863838164,3.01900097
Li2MnCr2O6,mp-850919,0.5197,-2.234276247,0.139193024
Na2CS3,mp-28810,1.215,-0.715536911,0.094905967
MgHg(SbO3)2,mp-2222865,0.4146,-1.762040392,0.23692307
Ba3Mo2(P2O9)2,mp-554339,2.384,-2.847981077,0
CoSb(CO)3,mp-562220,1.6035,-0.710356341,0.372627215
SrHfMg6O8,mp-1033438,0,-2.678607538,0.409548373
Li10Fe5Co3O16,mp-763869,0.2833,-1.784542714,0.084566785
Ba2In2O5,mp-20546,0.919,-2.420001497,0
Li9Co7O16,mp-1175394,0.7617,-1.694976718,0.0603029
K3Bi5(PO4)6,mp-565692,3.9595,-2.461944588,0.003058508
LuTiSi,mp-20478,0,-0.738929879,0
Li3Mn(CuO3)2,mp-756973,0,-1.638152957,0.090411677
BeH8(NF2)2,mp-604245,6.6477,-1.555997691,0.009732543
CeGe2,mp-21055,0,-0.573138127,0.037516077
Li3MnF5,mp-779355,4.3604,-2.996435668,0.103637674
La3Pm,mp-1185112,0,0.023893924,0.023893924
Nd(NiSn)2,mp-20000,0,-0.531186059,0
LaOsN3,mp-989564,0,-0.55917339,0.053189756
Tb2(Al3Ir)3,mp-1208552,0,-0.867488828,0
Li2AlAu,mp-1096348,0.7463,0.925721724,1.337001014
Li5V3P8O29,mp-765080,0.2928,-2.610771098,0.038827761
Co4Sn(CO)16,mp-562267,2.1266,-0.807256892,0.4058632
CsZn4(BO3)3,mp-1019723,2.826,-2.148262245,0.006494926
Li2CrFe3O8,mp-769871,0,-1.793042177,0.128191601
VCr2O6,mp-1101261,0,-2.210349549,0.04445751
KFeP4(H2O7)2,mp-758349,2.6574,-2.257900158,0
Na2SrNd2Ti5O15,mp-532802,2.1166,-3.432437313,0.0107778
Zn10Ni(B4Rh9)2,mp-1203945,0,-0.389579379,0.015445495
InCuAu2,mp-1095831,1.3736,1.006712346,1.123378241
SrClO,mp-1206531,0.7333,-2.166848311,0.26963637
Ca(BiO2)2,mp-1327938,1.7245,-2.08888377,0.063070475
BO3,mp-1192099,0,-0.76648476,0.834986269
Mo2O5,mp-1043432,1.5102,-1.854254021,0.110911663
SnHg2(SBr)2,mp-1194529,2.1758,-0.608249006,0.132909873
Ca3Mn2O12,mp-1214143,0.0804,-1.479424842,0.399552498
Pr,mp-568938,0,0.112431278,0.112431278
RbMg14Sn,mp-1028290,0,0.11646634,0.151297573
Mg6ZrW,mp-1022484,0,0.313275132,0.340624181
Li2Mn2F7,mp-765055,0.1208,-2.93812895,0.051945724
PuAsO4,mp-1209622,0.06,-2.346230474,0.094413003
Cs2YAuF6,mp-1113108,2.0605,-2.316218171,0.817142175
Zr2SiMo3,mp-1215536,0,-0.393723475,0.058417059
Li11V4F24,mp-760823,0,-3.170205567,0.028562154
Li3Al(FeO3)2,mp-770750,1.9011,-2.259796917,0.066990701
NaCoO2,mp-1221066,2.069,-1.457986482,0.097365835
Mn(InTe2)2,mp-675577,0.0425,-0.524147308,0.003666426
ZnS,mp-555773,2.0281,-0.961835212,0.00038221
B3H5N3,mp-1214811,4.8954,-0.751871641,0.018844173
Li2Ti2V3O10,mp-1305884,1.2225,-2.813601766,0.051681012
Ni3Sn,mp-1080147,0,-0.178379371,0.007484161
Gd3Co29(Si2B5)2,mp-680293,0,-0.396130755,0
Rb2LiScF6,mp-1113703,6.7042,-3.584582854,0
Mg14SiCO16,mp-1034591,0,-2.564835147,0.414616619
LiVCrP2(O4F)2,mp-760260,0.8559,-2.724424322,0.007188055
RbSn2(PO4)3,mp-1179711,3.3458,-2.537275565,0
SnB4O7,mp-13252,3.572,-2.389230579,0
Sr2MgCo2O5,mp-2217072,1.7157,-2.135536125,0.208956219
Li4Fe3(NiO4)3,mp-758854,0,-1.505629354,0.059829968
MgMoH2O5,mp-24620,3.8857,-2.029391848,0
Na3LaSiSn(PO6)2,mp-2715260,2.0419,-2.754367934,0.119867226
YV5(H12O13)2,mp-1203975,2.4156,-1.712672843,0.02159979
TiNi2Sb,mp-10261,0,-0.402608968,0.098220999
LiAl2H4Pb2(O2F3)2,mp-1236388,0,-2.435787023,0.102258713
Nb17Ir3Se40,mp-674017,0,-0.979524377,0.102455817
La2Nd(GaO3)3,mp-1223331,3.4333,-3.07930733,0.040787213
Nd(Ni2Sn)2,mp-1104209,0,-0.410251471,0
Sm2GeRu3,mp-1219394,0,-0.398145919,0.054754476
Er5Ir3,mp-1189715,0,-0.823782893,0.035936253
Na4Ge2Te5,mp-28107,1.0023,-0.720424225,0
La2ZnBiO6,mp-1400776,0,-2.636845808,0.120335955
Sr2SmTa(CuO4)2,mp-1173254,0,-2.784794804,0.014535493
LiFe2(PO4)3,mp-26054,0,-2.220218999,0.101703028
Nb6CdS8,mp-1220444,0,-1.260860716,0.033029042
Si4Rh3,mp-540791,0,-0.734547186,0
H7ClO3,mp-625171,4.2299,-1.167187631,0.051433028
Rb2LiNd2(WO4)4,mp-1235330,0.0247,-2.552751938,0.071711473
Ba(NiB)2,mp-1190153,0,-0.051505732,0.24118148
Li2MnF6,mp-758464,2.5613,-2.78725224,0.082764625
Li4Mn3Nb3(FeO8)2,mp-758630,0.1748,-2.355570823,0.113468719
TeP6H34(N3O13)2,mp-1217663,3.9451,-1.452698689,0.037040085
K2NaTmCl6,mp-1111615,4.9718,-2.426266464,0.058292833
K3TlAu5,mp-976190,0,-0.287411333,8.67E-05
VZnP2O7,mp-1042065,1.6704,-2.471768417,0.049512615
Ba2Ca2Tl2W3O10,mp-1046558,0,-1.997032778,0.471429461
TiCdO3,mp-1101047,0,-1.426377639,1.11453518
Li4VF7,mp-764769,2.6044,-3.130543309,0.074670818
YMg6Bi,mp-1022623,0,-0.078177297,0.145133909
NbO2,mp-25214,0,-2.611388587,0.283371129
Rb2CdSiO4,mp-558568,2.4877,-2.310239472,0
Cd4CoS5,mp-1226929,0.2391,-0.605891945,0.106999742
YNp3,mp-1187893,0,0.701362112,0.701362112
CoSO8,mp-1213843,0.0501,-0.553480151,0.486935894
KEuZrSnO6,mp-1520642,0,-2.750908138,0.180506396
BaCl2,mp-567680,4.5724,-2.958708907,0.009529673
CaCe4Si3O13,mp-1229253,0.1608,-3.612339122,0
Na12Nb10Zn2Si15(SO24)3,mp-2714943,2.2896,-2.805834945,0.075643874
CaMo2P2O9,mp-1040876,2.7485,-2.644916925,0
Li9Mn2Co5O16,mp-1175741,0,-1.794273219,0.112155053
UP2H2CO7,mp-1197788,1.7621,-2.256583565,0.155781167
Nb9P2O25,mp-1210146,0,-2.673122335,0.284937854
LuPd2Pb,mp-1206796,0,-0.710763979,0.021424805
SiNi2As,mp-21598,0,-0.379548148,0.039941125
HoMnO3,mp-22081,0.4351,-3.037102339,0.028599069
Ca(H8O5)2,mp-626291,3.3815,-1.160376182,0.033562958
LiTi2(PO4)3,mp-25840,2.3116,-3.014394262,0.000934168
MgCo2(BiO3)4,mp-2230224,0,-1.380013556,0.225866305
Cs2Pu(Cl2O)2,mp-1079678,0.0306,-2.439340319,0
In3Ge,mp-1184915,0,0.14130396,0.14130396
Mg7Si4,mp-1074803,0,0.085807038,0.189469494
HfU(TaC2)2,mp-1224267,0,-0.597940599,0.044023301
Nb2P4H3O16,mp-770824,0,-2.451779383,0.083651781
Sr2CoOsO6,mp-1079403,0,-2.238102827,0
Li3MnF5,mp-759420,3.6318,-3.053226909,0.046846433
LiTiCoO4,mp-1309814,0.7295,-2.4302307,0.06828281
NiPH15O11,mp-1204322,5.0997,-1.457670797,0.008167121
Ba7Sr5(MoN4)4,mp-1228681,2.0781,-1.07443441,0
Li4Nb2V3Co3O16,mp-1177325,1.1374,-2.328084124,0.099299829
Mg5Si9,mp-1075620,0,0.215068267,0.273246176
Ce2Te4Cl2O11,mp-1195865,1.4548,-2.226263502,0
V2CdO6,mp-556313,2.2767,-2.133236596,0.044783622
Cs8Ta6O19,mp-542069,3.4757,-2.9326468,0
CaPb3Se4,mp-1227112,0.6848,-1.147758531,0.01430142
TlInPb2,mp-1097346,0.083,1.241562758,1.241562758
Ba2MgNiMoO6,mp-2217752,1.7007,-2.054973638,0.517822539
Nb2Bi2PbO9,mp-583454,2.2978,-2.374543149,0.003661928
Mn2Bi3Sb3O14,mp-1221942,1.7417,-1.914784811,0
La2MgNi9,mp-1223423,0,-0.29168224,0.002562877
MgScAg2,mp-977554,0,-0.275858943,0
MgMo2(WS4)2,mp-2218607,0.2265,-1.033377106,0.176313083
MgNb2(I3O)2,mp-2240058,0.4288,-1.417913368,0.144050406
CaVO3,mp-1016853,0,-2.828687331,0.106231663
CsFeI4,mp-568620,0.4694,-0.974673159,0
Ba3Y2F12,mp-752420,6.8432,-4.289699408,0.020233636
Te6IrBr3,mp-1188957,1.154,-0.369952821,0
PdN,mp-999303,0,0.894009168,0.894009168
MnFe4Si3,mp-1221713,0,-0.351919912,0.045664481
Na5Nd(WO4)4,mp-19461,4.7864,-2.393428179,0.000916788
Rb3Nd2(NO3)9,mp-667380,3.4486,-1.467264964,0
Li4V3CrO8,mp-1177371,1.4943,-2.447248533,0.023091353
Hg4GeS6,mp-1190220,0.8413,-0.436723986,0.016788342
Co(IN2)3,mp-1204312,0,1.44494175,1.711246012
LiZnAs,mp-9124,0.5518,-0.518190977,0
CsKMg14,mp-1026845,0,0.267527209,0.267527209
TlFeO2,mp-18828,1.0193,-1.162745571,0.207319822
ScNi4Au,mp-1072255,0,-0.400652566,0
Ti4Al11Zn,mp-1217109,0,-0.381780121,0.013886058
Cs3BrO,mp-1205638,1.5868,-1.53650789,0
Al2B2Ru3,mp-29674,0,-0.519103922,0.079412718
LiMnPCO7,mp-768688,0.7423,-2.179230904,0.027553761
Li6AsS5I,mp-1222482,1.5398,-1.22094534,0
La12InCo6,mp-1212111,0,-0.162361687,0
LiFeF4,mp-776339,3.3661,-2.749665861,0.08685013
Cs3Mo2BrO7,mp-1184398,2.8825,-2.132925569,0.004129157
Mg(VS2)2,mp-2225358,0,-1.122603712,0.287587324
Ca(AsO4)2,mp-1192123,0,-1.177091453,0.643041817
AlInSe3,mp-862787,1.6096,-0.863921058,0
PuMg,mp-1186807,0,0.12591991,0.12591991
Mg14MnW,mp-1028073,0,0.307826813,0.307826813
MgH18Br2O9,mp-1199138,4.4417,-1.358219579,0
KSO2F,mp-1223363,4.1568,-2.173843293,0.02414653
CsHSO3,mp-1018678,5.8427,-1.754132049,0.115313221
TiNbGaO6,mp-1216751,1.5777,-2.92274113,0.059937386
Hf7Zr6Ta4Ti3Nb7B54,mp-2646912,0,-0.923593325,0.00725972
KClO3,mp-550506,5.3358,-1.135086296,0.061993358
CaTl2Pb,mp-1097156,0,1.117160646,1.388878704
Na5(W7O22)2,mp-29697,0,-2.181475042,0.023232966
CsMnI3,mp-540609,0,-1.165445806,0.002209436
Cs2LiSbBr6,mp-1111835,2.3396,-1.681554923,0.022989746
HfAl,mp-249,0,-0.450527165,0.01635616
Na3Tl,mp-982873,0,-0.085402305,0.018011489
K4Na4NbW7O24,mp-1076751,0,-2.256085477,0.010996208
Ge2MoO6,mp-1043238,1.5226,-1.995832112,0.112921582
ErPaRu2,mp-867918,0,-0.43422516,0
RbMg(ClO2)3,mp-1209754,0,-0.539469147,0.746285677
Mg6MnSi,mp-1023005,0,0.146423267,0.254999462
NaAl(H2N)4,mp-1251411,0.3712,-0.007321093,0.555095064
B6RhO6,mp-1214985,0,-0.717706031,1.33445752
Zr4Ir,mp-1207442,0,0.387596773,0.867132419
Al5O8,mp-1228138,0,-3.150766444,0.217930033
Br,mp-998864,0,0,0
Ba2MnGe2O7,mp-1192147,2.4343,-2.613513647,0
Li4MnCo2O7,mp-1174696,0.6413,-1.85787977,0.071822768
Fe4O5F3,mp-752877,0,-1.841944145,0.106891788
Ca9Y3(CoO6)4,mp-1227618,0,-2.53299419,0.053496811
La2CoIrO6,mp-18862,0,-2.528091591,0.049378242
Ga(SbCl)4,mp-31251,2.0171,-0.671918129,0.013554691
Sm6Ni20As13,mp-1209077,0,-0.728445869,0
H4N2O3,mp-1181417,1.5922,-0.311777062,0.65887947
UO3,mp-375,1.635,-3.608952276,0
Mg2TaNiO6,mp-1376265,0,-2.547590155,0.124368733
BaSrPrZrO6,mp-1521255,0,-3.282175602,0.105876492
Zn2AgRh,mp-1097554,0.2042,1.479660703,1.762247515
MgVN2,mp-1246304,0,-1.058790323,0.114386641
CsH3(SeO3)2,mp-1228884,4.1517,-1.401269504,0
Hf3Cd3AgF20,mp-554342,0,-3.313583186,0
NbCu3(TeSe)2,mp-1220411,1.3949,-0.624553617,0.002255003
Li7Mn5O12,mp-1640981,1.0151,-2.136469143,0.031370845
Li4MnV3(P2O7)4,mp-780005,0,-2.688787467,0.000600764
Ga3Pd5,mp-2408,0,-0.63297488,0.012720833
Na3La2Y2P3(SO8)3,mp-2713897,4.5404,-2.871679764,0.070543016
AcGaTe2,mp-861884,0.491,-1.071641272,0
LiLaTi4O12,mp-1523191,0,-2.911412639,0.202994197
CoOF,mp-756219,0,-1.442451677,0.263964087
CsRb2TlF6,mp-1111451,3.6496,-2.630760399,0.055559483
TiBrO,mp-23002,0,-2.383063772,0.051509333
BaEuDySnO6,mp-1521304,0,-3.020496531,0.133210559
LiCe10(Pb3O)2,mp-1235821,0,-0.906657755,0.07903082
SbH12C6(N3Cl2)3,mp-1204053,2.8794,-0.468584772,0.106419919
Li9Mn2Co5O16,mp-1175629,0.4447,-1.81047422,0.095954051
Pr(InCu)6,mp-1220006,0,-0.191337182,0.010768545
Mg9Si5,mp-1074050,0,0.08838071,0.193100946
LiMn(PO3)3,mp-758671,4.1212,-2.623775551,0.007241665
KNdMnWO6,mp-1105240,2.6477,-2.648624834,0.002021497
CrCuB,mp-1100441,0,0.266352727,0.540195561
Li9Co15O28,mp-758799,0.5489,-1.456790411,0.128666747
Na2MnSb2,mp-1210906,0,0.866001771,1.305002411
LiV2OF5,mp-753681,1.3657,-3.05037926,0.063231421
SnH10C3SN3Cl2,mp-1204699,0.9189,-0.323940829,0.263540887
Li2V3TeO8,mp-771246,0.2941,-2.262698779,0.058793538
Ba2CePrO6,mp-1516858,0,-3.224317832,0.109004348
CrSb,mp-1641,0,-0.007029638,0.027645344
MgSi2(AgO)8,mp-1233835,0.3639,-1.327588783,0.187146164
PtN4Cl2O,mp-1078956,0,2.288142265,2.731523329
Ca2Cu(SCl)2,mp-1147535,0,-1.649845638,0.364814505
Sc3TlC,mp-4230,0,-0.619868935,0
BaSrCeWO6,mp-1517905,0,-2.998202835,0.163097468
MnNF3,mp-1078939,0,-1.093822639,1.119466252
Li6V3W3O16,mp-771087,0.2249,-2.272469173,0.11354962
Nb6BiTe8,mp-1220488,0,-0.587536147,0.068578525
Na3YF6,mp-1114251,4.8376,-3.418235139,0.168192933
Ti5Fe11O24,mp-861170,1.1568,-2.297083389,0.046564733
Na5Y3NbSiP5O24,mp-2714107,2.3118,-3.034657216,0.051777559
Na10Ca4Ti4Si5S7O48,mp-2714964,1.2113,-2.597342796,0.161053599
Sr3U,mp-1187232,0,0.772510872,0.772510872
BaCaTbBiO6,mp-1518633,1.7213,-2.805344139,0.004942284
Cs2H4Pt,mp-643010,3.2534,-0.483114773,0
NbPO5,mp-1104131,3.1971,-2.902608127,0.024056119
Tb(ClO4)3,mp-1208575,5.2328,-0.557440271,0.077409152
Ba2Na2O3,mp-752395,1.9318,-2.141558996,0.081137966
Na2Mg(CuO2)2,mp-2222930,0,-1.419808508,0.158567522
Na3GdBr6,mp-619747,0.1732,-1.991033171,0.012065905
KAl(SiO3)2,mp-1223598,4.9148,-3.195316611,0.026441001
Nb2CuO6,mp-1204490,0,-2.526650694,0.03992825
Na7Ga4SiP5O24,mp-2715706,3.7148,-2.563567476,0.042398563
Sr8Mn2FeN8,mp-569961,0,-0.843027992,0
CaMg14CdO16,mp-1036221,2.6887,-2.880847182,0.068561726
LiAlSiH2O5,mp-1204399,4.885,-2.600658983,0.028527932
Cs4Sr3(PO3)12,mp-1203903,0,-2.763505955,0
Eu3Sn13Ir4,mp-1213142,0.1086,-0.500021977,0
Er(Al2Mo)2,mp-1025358,0,-0.37953209,0.004640194
Zr2CrN3,mp-1245664,0,-1.456142244,0.110590993
Ca2I4O13,mp-1182422,0.9091,-1.292847867,0.162758667
NbC,mp-1009459,0,0.459656691,0.958870607
TbDy3Al8,mp-1217572,0,-0.58796305,0
Na3TlI6,mp-1111774,0.0188,-0.904333722,0.245960856
LaYIr2,mp-1097297,0.5674,1.657706999,2.410843897
WCO2,mp-1216158,0,-0.197606876,1.327741659
Na2SrV3O9,mp-557927,1.9857,-2.580521945,0
Li8MnNi7(PO4)12,mp-777316,0,-2.182195727,0.081165363
PmNdTl2,mp-1247753,0,-0.387353375,0
Sr5Fe4MoO15,mp-1218594,0,-2.385796181,0.003454146
Sm2Hf2(MoO4)7,mp-1209249,3.2931,-2.581564939,0
Na6CaTi3Si2(PO6)4,mp-2715436,2.1315,-2.945604923,0.050830402
K2LiNb2P2(CO7)2,mp-1235408,0.0676,-2.413068578,0.168134867
NaY(C2O5)2,mp-1180560,4.6036,-2.169897122,0.025846918
V3(AsO4)4,mp-1047768,0,-1.760890188,0.171219
KNaMg14O15,mp-1034015,1.4495,-2.69161024,0.180052195
CaCuF5,mp-1786455,0.1496,-2.710675939,0.014796337
K2TlHgBr6,mp-1112026,0,-1.33941174,0.067471412
Ce(PIr)2,mp-1079211,0,-1.044946457,0
Na4Ca4Be4AlSi7(O6F)4,mp-1210262,0,-3.240062963,0.016728771
Ba2PrCoCu2O7,mp-1214590,0,-2.181839586,0.030266499
Re3S4Br3,mp-1209349,0,-0.816199328,0.027542647
Ba2YI7,mp-776032,2.8993,-1.901018269,0.049243261
Sb2HF13,mp-1209115,0,-2.112021962,0.088298345
OF2,mp-1095223,2.1241,0.05304255,0.05304255
Ca2YBiO5,mp-1347575,2.3923,-2.866777461,0.168963616
PrCdAg2,mp-862760,0,-0.259733594,0
ErFe2H3,mp-1201765,0,-0.280029348,0.208769751
Ti45Se16,mp-1198191,0,-0.731304846,0.047705934
Li9Mn2Co5O16,mp-1100641,0,-1.691336861,0.215091411
INO4,mp-1095611,0,0.752148738,1.465926593
U3Cu2H10(CO10)2,mp-705486,0.7617,-2.056601334,0.020379653
BaSrI4,mp-754852,3.3457,-2.017863207,0.021852297
Li4MnCo2O7,mp-1174817,0,-1.797236185,0.132466352
CdN6,mp-570471,2.7759,0.134964694,0.134964694
Rb2TeH6SO10,mp-721552,0.0349,-1.331946236,0.322013042
Ta2Sn3,mp-1218088,0,0.40314607,0.443961666
N2,mp-570747,6.739,0.002401956,0.002401956
NaFe2(SiO3)4,mp-1304778,0,-2.618530398,0.073546164
MgNb2(PO5)2,mp-2215922,0.176,-2.781298353,0.150395695
Fe(SiO3)2,mp-25240,0,-2.509435035,0.144015132
Li9Mn2Co5O16,mp-1175686,0,-1.780320156,0.126108116
Na2GeF6,mp-17297,5.7875,-2.911496098,0
H7NO6,mp-626093,3.3826,-1.107068704,0.041946481
Li3Mn2(PO4)3,mp-757748,0.4855,-2.512591998,0.051338199
Na5VO5,mp-18233,1.9331,-2.048469087,0.002118792
Sm2Ge5Pt3,mp-1188952,0,-0.8066334,0.01354206
CaSn2Ir,mp-11957,0,-0.581363195,0
Mg2Ti,mp-1094386,0,0.131010032,0.131010032
Pr2MnSb3,mp-1206508,0.0945,2.15064969,3.203975438
TeMoWS3,mp-1080165,0,-0.698276786,0.061410868
MnBiAsO5,mp-554839,1.9432,-1.875384155,0
Rb(AsIr)2,mp-1207207,0,-0.450052145,0
Mg2Al4Si5O18,mp-6174,4.8175,-3.328283402,0
LaSeF,mp-7738,1.7261,-3.349922199,0
MgCuN,mp-1247391,0,0.010492451,0.533958797
YWO2,mp-1207640,0,-1.722217995,1.169793575
LiCrO2,mp-756362,2.7471,-2.404914829,0.001555666
SrEuHfTiO6,mp-1519425,0.1183,-3.638967608,0.04389421
VRhO4,mp-1100903,0,-1.763487257,0.104355717
LiDyF2,mp-1211162,0.0889,-2.585652203,0.50988118
Cs2CeAsS3Cl2,mp-572902,0.1059,-1.750606222,0.023474977
MoW(SeS)2,mp-1023930,0.4777,-0.72332161,0.093116197
Ca2Y3Si3O13,mp-1199870,0,-3.536069385,0.022441243
ZnCu3(P2O7)2,mp-1047150,0.3547,-2.075310064,0.051612192
CaPr2Mn3O9,mp-1147781,0.3136,-2.503195106,0.303031586
BaAgSb,mp-11213,0,-0.408347206,0.436702365
Ce6Y2O15,mp-758094,1.8197,-3.775397986,0.017353758
CuPb3(ClO2)2,mp-1190173,0,-1.321159444,0.05404346
Dy5Ge3C,mp-1106133,0,-0.714956735,0
Sr4MgTi3O10,mp-2229235,0,-3.116807405,0.222826689
Nb3CrS6,mp-1189260,0,-1.381499384,0
Li2Co3NiO8,mp-778768,0,-1.412711635,0.023095432
MnMoO5,mp-1105000,0,-1.656194324,0.221611058
LiNbVO4,mp-1306573,0.0597,-2.654651978,0.05116493
HoMg(WO3)2,mp-1041135,1.9252,-2.548036688,0.16970855
Ta2NbRh,mp-979288,0,-0.255578944,0
PrCO4,mp-1191029,0,-2.432561858,0.003538745
Pr4GaSbS9,mp-1202783,2.1638,-1.830809973,0
Nd3Lu,mp-1186275,0,0.028265045,0.029125656
Dy2CuAg3,mp-1225292,0,-0.260100366,0.045169293
Li2V(PO3)5,mp-540330,1.9238,-2.643648777,0.032200445
Ba3Mn,mp-1183323,0,0.468342423,0.468342423
Na3MgSn(PO4)3,mp-2715242,2.593,-2.641847819,0.014176687
AlPb3SO11,mp-1199988,0,-1.469795691,0.269446682
Na4LaAlSi(PO6)2,mp-2714351,3.7713,-2.910108753,0.106667565
AlSi,mp-1021666,0,0.30320786,0.30320786
Mg2Si3,mp-1072993,0,0.150071745,0.215231003
K2Mg2Si2O7,mp-1019779,4.6783,-2.927059254,0.034885138
LiMn3(BO3)3,mp-782644,0.419,-2.393838731,0.091737582
SiPt2,mp-1024071,0,-0.675788573,0.103424692
Pr2Si3Pd,mp-1209411,0,-0.850895475,0
MgSb2(PO5)2,mp-1043471,0,-2.306836752,0.156621582
KCrO3,mp-1076732,0,-1.669026438,0.390394812
Cu2O3,mp-760432,0.136,-0.581010802,0.046959184
Ca(WO3)2,mp-1045717,1.1728,-2.438370656,0.055024393
SrIn4Ni,mp-20479,0,-0.291545086,0.000130141
LiMn2O2F3,mp-753780,0,-2.531925582,0.055056921
Mg2Cd,mp-1094776,0,-0.025622488,0.039833587
TiH16C4(NCl3)2,mp-1203619,2.2255,-0.706164175,0.054516718
AlO3,mp-1182915,0,-1.276519648,0.931195552
BaSrNdFeO6,mp-1517104,0.1437,-2.591430295,0.093606346
LiVF3,mp-752764,2.5688,-3.047840711,0.018508799
SrCu4Ag,mp-1218338,0,-0.06619365,0.024955128
AlTlSiO4,mp-1228209,4.081,-2.898328653,0
TiW,mp-1216621,0,0.022547342,0.022547342
Sc2H5,mp-33112,0,-0.568449428,0.064202739
SmHg2,mp-1062114,0,-0.479724392,0.028166333
LaVH2I4O15,mp-1201992,2.8357,-1.462396963,0.019744959
Li2MnFe(BO3)2,mp-777511,3.0795,-2.416286039,0.005115684
CaY3Ti4O12,mp-1227117,0,-3.605206007,0.030360056
SrAlSi5N7O2,mp-695285,1.6286,-0.778552651,1.019604841
SrLaFeCoO6,mp-1276866,0,-2.383911878,0.039976425
ErScO3,mp-1212985,4.4171,-3.884429311,0.040889039
CsYMnSe3,mp-1213646,0.5245,-1.566547631,0
Sr2MnNbO6,mp-1281818,1.7479,-2.987642941,0.004637323
Li9Co7O16,mp-1175519,0,-1.692238737,0.063040882
Na5Bi2As(CO4)4,mp-776697,0.9746,-1.861292471,0.080570272
Gd(Cd10Ni)2,mp-1196375,0,0.17760244,0.237793444
Ga4Te3N2,mp-1247260,1.2968,-0.263218157,0.258046257
Mg6BiW,mp-1017052,0,0.326113977,0.38814023
PmMg2,mp-1186620,0,-0.074099242,0.020010895
UMn3,mp-1187748,0,0.140718694,0.175267231
NpGa3,mp-20821,0,-0.195459953,0
Cr3O8,mp-545771,0.1224,-1.554870523,0.141269403
CaH12(BrO3)2,mp-24044,4.1372,-1.438572647,0.008535872
La2AgS2O,mp-1211374,0,-0.992747527,1.532364439
NaSbS2,mp-557179,0.9689,-0.771877005,0.023157971
Se(OF)2,mp-1209033,3.1929,-1.109394246,0.020725181
PrAs,mp-10622,0,-1.760069192,0
UAlRu,mp-1080013,0,-0.418852254,0.066753834
Cs2Mn2Be3F12,mp-1213854,0,-3.132715884,0.163647266
H8RuC5N(ClO)3,mp-600228,3.305,-0.728551008,0.107948229
Sb2AsAuXeF14,mp-1201608,3.2728,-2.284231397,0
Hf6Ga2Co,mp-1247807,0,-0.40262563,0.006139019
Sn3Mo15Se19,mp-1219414,0,-0.529085737,0.048568317
Hg9(AsO4)4,mp-541164,1.7613,-0.855519648,0.012754113
PrN,mp-343,0,-1.545793825,0
LiMgSnAu,mp-7554,0,-0.400730428,0.058298734
Rb2P2Pd,mp-1205714,1.2653,-0.505151757,0
Co3Cu3(TeO8)2,mp-757881,0,-1.060476818,0.062128362
SrCa(RuO3)2,mp-1218505,0,-2.072613453,0.008671288
Pr8Ni18P11,mp-1211698,0,-0.901990718,0
Cr2FeNO10,mp-1213831,0,-0.47492835,0.899793803
PrHfO3,mp-755462,0,-3.431234627,0.135268315
K2Ti8O17,mp-762279,2.6099,-3.369749778,0.010685424
CeYFe4,mp-1226473,0,-0.043719773,0.020568042
ZnH12C2(N3Cl2)2,mp-707960,4.6886,-0.698700728,0
Li9Y(NiO4)2,mp-776467,2.3789,-2.04069603,0.087649941
TiReTc2,mp-865665,0,-0.322698332,0
Li4CrO5,mp-1374220,0,-0.816844448,1.261275488
MgMnBiO5,mp-1042632,1.1278,-1.860213155,0.169594366
LuNbO4,mp-644492,3.3974,-3.579383444,0
Na(CoO2)8,mp-675264,0,-0.583793081,0.602451649
Li2Co(PO4)2,mp-583967,0,-2.266536057,0.067578222
Tb2PbS4,mp-675645,2.0344,-1.856967113,0.06217399
Sn(Mo2O3)2,mp-505802,0,-1.405607137,0.269480212
Li7Mn4CoO12,mp-1175306,0,-1.994773714,0.104123731
Li2Fe2Si4O11,mp-797054,2.0829,-2.019614142,0.773006236
Hf2IrRu,mp-973434,0,-0.858367935,0.030085635
K2Sr(NbCl3)6,mp-569413,1.0688,-1.920306718,0
Li9Mn2Co5O16,mp-1176275,0.9347,-1.846746331,0.05968194
TbIn7Cu5,mp-1217523,0,-0.137103968,0.057153319
Li4TaN3,mp-30129,2.6752,-1.092791379,0
